/*******************************************************************************
 * Size: 16 px
 * Bpp: 4
 * Opts: undefined
 ******************************************************************************/

#ifdef LV_LVGL_H_INCLUDE_SIMPLE
#include "lvgl.h"
#else
#include "lvgl.h"
#endif

#ifndef LV_FONT_333_16
#define LV_FONT_333_16 1
#endif

#if LV_FONT_333_16

/*-----------------
 *    BITMAPS
 *----------------*/

/*Store the image of the glyphs*/
static LV_ATTRIBUTE_LARGE_CONST const uint8_t glyph_bitmap[] = {
    /* U+0020 " " */

    /* U+0021 "!" */
    0xe, 0x80, 0xea, 0xe, 0x90, 0xe9, 0xe, 0x80,
    0xd8, 0xd, 0x70, 0xd7, 0xa, 0x50, 0x10, 0x1f,
    0xa0, 0xda,

    /* U+0022 "\"" */
    0x49, 0x3, 0xa0, 0x9f, 0x7, 0xf2, 0x8f, 0x6,
    0xf1, 0x7d, 0x4, 0xf0, 0x4a, 0x2, 0xc0,

    /* U+0023 "#" */
    0x0, 0xb, 0x80, 0x5e, 0x0, 0x0, 0xe, 0x70,
    0x8d, 0x0, 0x0, 0x1f, 0x50, 0xaa, 0x0, 0x1f,
    0xff, 0xff, 0xff, 0xf4, 0x3, 0x7f, 0x33, 0xf8,
    0x30, 0x0, 0x7d, 0x0, 0xf4, 0x0, 0x0, 0x9b,
    0x3, 0xf2, 0x0, 0x7f, 0xff, 0xff, 0xff, 0xd0,
    0x3, 0xe9, 0x39, 0xe3, 0x20, 0x0, 0xf5, 0x9,
    0xb0, 0x0, 0x1, 0xf3, 0xb, 0x90, 0x0, 0x3,
    0xe1, 0xd, 0x70, 0x0,

    /* U+0024 "$" */
    0x0, 0x0, 0xc6, 0x0, 0x0, 0x4, 0xbf, 0xfa,
    0x40, 0x6, 0xfb, 0xec, 0xcf, 0x40, 0xea, 0xd,
    0x80, 0x82, 0xf, 0x70, 0xd8, 0x0, 0x0, 0xaf,
    0x9e, 0x80, 0x0, 0x0, 0x6d, 0xff, 0xa3, 0x0,
    0x0, 0xd, 0xcd, 0xf4, 0x0, 0x0, 0xd8, 0xc,
    0xc0, 0x0, 0xd, 0x80, 0x8e, 0x6b, 0x0, 0xd8,
    0xb, 0xd4, 0xfd, 0x6e, 0xbb, 0xf5, 0x3, 0xbe,
    0xff, 0xc4, 0x0, 0x0, 0xd, 0x90, 0x0, 0x0,
    0x0, 0xb8, 0x0, 0x0,

    /* U+0025 "%" */
    0x9, 0xff, 0xa0, 0x0, 0xc, 0x60, 0x1, 0xfc,
    0x6e, 0x80, 0x6, 0xf2, 0x0, 0x4f, 0x20, 0x8c,
    0x1, 0xf6, 0x0, 0x3, 0xf0, 0x7, 0xc0, 0xbc,
    0x0, 0x0, 0xe, 0x61, 0xc8, 0x5f, 0x20, 0x0,
    0x0, 0x3d, 0xfb, 0x2e, 0x80, 0x0, 0x0, 0x0,
    0x0, 0xa, 0xd2, 0xaf, 0xc2, 0x0, 0x0, 0x4,
    0xf3, 0xbc, 0x4b, 0xc0, 0x0, 0x0, 0xe9, 0xf,
    0x50, 0x4f, 0x0, 0x0, 0x9e, 0x0, 0xf5, 0x4,
    0xf0, 0x0, 0x4f, 0x40, 0xc, 0xc4, 0xbc, 0x0,
    0xd, 0xa0, 0x0, 0x2c, 0xfd, 0x20, 0x0, 0x41,
    0x0, 0x0, 0x0, 0x0, 0x0,

    /* U+0026 "&" */
    0x0, 0x9, 0xee, 0x70, 0x0, 0x0, 0x0, 0x8f,
    0x57, 0xf1, 0x0, 0x0, 0x0, 0xc9, 0x4, 0xf2,
    0x0, 0x0, 0x0, 0xab, 0xc, 0xc0, 0x0, 0x0,
    0x0, 0x4f, 0xdd, 0x10, 0x0, 0x0, 0x0, 0x5f,
    0xf3, 0x0, 0xe, 0x30, 0x4, 0xf7, 0xcc, 0x0,
    0x4f, 0x30, 0xe, 0x90, 0x1e, 0xb0, 0xac, 0x0,
    0x3f, 0x20, 0x2, 0xfb, 0xf4, 0x0, 0x4f, 0x20,
    0x0, 0x5f, 0xd0, 0x0, 0xe, 0xc4, 0x37, 0xed,
    0xfa, 0x0, 0x3, 0xcf, 0xfd, 0x70, 0x3c, 0xe3,

    /* U+0027 "'" */
    0x49, 0x9, 0xf0, 0x8f, 0x7, 0xd0, 0x4a, 0x0,

    /* U+0028 "(" */
    0x0, 0x4, 0x10, 0x3, 0xe1, 0x0, 0xd6, 0x0,
    0x5e, 0x0, 0xc, 0x90, 0x1, 0xf6, 0x0, 0x5f,
    0x20, 0x7, 0xf0, 0x0, 0x8f, 0x0, 0x8, 0xf0,
    0x0, 0x6f, 0x10, 0x2, 0xf5, 0x0, 0xd, 0x90,
    0x0, 0x5f, 0x0, 0x0, 0xb9, 0x0, 0x1, 0xc1,

    /* U+0029 ")" */
    0x41, 0x0, 0x6, 0xc0, 0x0, 0xd, 0x70, 0x0,
    0x6e, 0x0, 0x1, 0xf5, 0x0, 0xd, 0xa0, 0x0,
    0x9e, 0x0, 0x7, 0xf0, 0x0, 0x6f, 0x10, 0x7,
    0xf0, 0x0, 0x8f, 0x0, 0xc, 0xb0, 0x1, 0xf6,
    0x0, 0x6e, 0x0, 0x1e, 0x50, 0x7, 0x70, 0x0,

    /* U+002A "*" */
    0x0, 0xb9, 0x0, 0x55, 0xba, 0x78, 0xbf, 0xff,
    0xd8, 0x5, 0xff, 0x40, 0xe, 0x9a, 0xe0, 0x5,
    0x11, 0x50,

    /* U+002B "+" */
    0x0, 0x0, 0xc6, 0x0, 0x0, 0x0, 0xd, 0x60,
    0x0, 0x0, 0x0, 0xd7, 0x0, 0x4, 0xff, 0xff,
    0xff, 0xfc, 0x3, 0x33, 0xd8, 0x33, 0x20, 0x0,
    0xd, 0x60, 0x0, 0x0, 0x0, 0xd6, 0x0, 0x0,
    0x0, 0xb, 0x50, 0x0,

    /* U+002C "," */
    0x0, 0x20, 0xb, 0xf4, 0x9, 0xf8, 0x0, 0xb7,
    0x5, 0xf1, 0xd, 0x40,

    /* U+002D "-" */
    0x1, 0x11, 0x10, 0xcf, 0xff, 0xf6, 0x24, 0x44,
    0x41,

    /* U+002E "." */
    0x24, 0xc, 0xf4, 0x9e, 0x20,

    /* U+002F "/" */
    0x0, 0x0, 0xb, 0x50, 0x0, 0x1, 0xf3, 0x0,
    0x0, 0x6d, 0x0, 0x0, 0xc, 0x70, 0x0, 0x2,
    0xf2, 0x0, 0x0, 0x8c, 0x0, 0x0, 0xe, 0x60,
    0x0, 0x3, 0xf1, 0x0, 0x0, 0x9a, 0x0, 0x0,
    0xf, 0x40, 0x0, 0x5, 0xe0, 0x0, 0x0, 0xb9,
    0x0, 0x0, 0xd, 0x30, 0x0, 0x0,

    /* U+0030 "0" */
    0x0, 0x5d, 0xe8, 0x0, 0xd, 0xf8, 0x7f, 0x90,
    0x5f, 0x60, 0x7, 0xf1, 0xae, 0x0, 0x1, 0xf5,
    0xda, 0x0, 0x0, 0xe8, 0xe8, 0x0, 0x0, 0xe9,
    0xf7, 0x0, 0x0, 0xe8, 0xe8, 0x0, 0x0, 0xf7,
    0xca, 0x0, 0x3, 0xf4, 0x6f, 0x10, 0x9, 0xe0,
    0x1e, 0xc6, 0x9f, 0x60, 0x2, 0xbf, 0xe7, 0x0,

    /* U+0031 "1" */
    0x0, 0x1b, 0xa0, 0x7e, 0xfd, 0x7, 0x6c, 0xc0,
    0x0, 0xbc, 0x0, 0xb, 0xc0, 0x0, 0xbc, 0x0,
    0xb, 0xc0, 0x0, 0xbc, 0x0, 0xb, 0xc0, 0x0,
    0xbc, 0x0, 0xb, 0xc0, 0x0, 0x9c,

    /* U+0032 "2" */
    0x0, 0x2a, 0xef, 0xc4, 0x0, 0x2e, 0xe7, 0x6b,
    0xf2, 0x7, 0xf2, 0x0, 0xf, 0x70, 0x13, 0x0,
    0x1, 0xf6, 0x0, 0x0, 0x0, 0x9f, 0x10, 0x0,
    0x0, 0x7f, 0x60, 0x0, 0x0, 0x8f, 0x80, 0x0,
    0x0, 0x8f, 0x60, 0x0, 0x0, 0x8f, 0x50, 0x0,
    0x0, 0x4f, 0x60, 0x0, 0x0, 0x1e, 0xe7, 0x77,
    0x77, 0x31, 0xff, 0xff, 0xff, 0xfb,

    /* U+0033 "3" */
    0x0, 0x3b, 0xfe, 0xb2, 0x0, 0x5f, 0xc6, 0x5c,
    0xe0, 0x5, 0x80, 0x0, 0x4f, 0x30, 0x0, 0x0,
    0x8, 0xf1, 0x0, 0x2, 0x6b, 0xf7, 0x0, 0x0,
    0xdf, 0xfe, 0x50, 0x0, 0x0, 0x12, 0x9f, 0x50,
    0x0, 0x0, 0x0, 0xda, 0x0, 0x0, 0x0, 0xc,
    0xb0, 0xa1, 0x0, 0x2, 0xf7, 0x1f, 0xe7, 0x58,
    0xed, 0x0, 0x2a, 0xef, 0xe9, 0x10,

    /* U+0034 "4" */
    0x0, 0x0, 0x8, 0x90, 0x0, 0x0, 0x0, 0x1f,
    0x90, 0x0, 0x0, 0x0, 0x9e, 0x20, 0x0, 0x0,
    0x2, 0xf8, 0xf4, 0x0, 0x0, 0xb, 0xb1, 0xf5,
    0x0, 0x0, 0x5f, 0x21, 0xf5, 0x0, 0x1, 0xe7,
    0x1, 0xf5, 0x0, 0xb, 0xc0, 0x1, 0xf6, 0x0,
    0x4f, 0xff, 0xff, 0xff, 0xf2, 0x7, 0x88, 0x89,
    0xf6, 0x20, 0x0, 0x0, 0x1, 0xf5, 0x0, 0x0,
    0x0, 0x1, 0xe5, 0x0,

    /* U+0035 "5" */
    0x0, 0xdd, 0xef, 0xff, 0x10, 0xf, 0xa6, 0x54,
    0x30, 0x2, 0xf3, 0x0, 0x0, 0x0, 0x4f, 0x0,
    0x0, 0x0, 0x7, 0xfb, 0xff, 0xc3, 0x0, 0xaf,
    0x94, 0x5c, 0xf1, 0x4, 0x50, 0x0, 0xe, 0x80,
    0x0, 0x0, 0x0, 0xbb, 0x0, 0x0, 0x0, 0xc,
    0xa0, 0xf5, 0x0, 0x3, 0xf6, 0xc, 0xf9, 0x68,
    0xed, 0x0, 0x8, 0xdf, 0xe9, 0x10,

    /* U+0036 "6" */
    0x0, 0x0, 0x8e, 0x0, 0x0, 0x0, 0x2f, 0x60,
    0x0, 0x0, 0xc, 0x80, 0x0, 0x0, 0x6, 0xd0,
    0x0, 0x0, 0x0, 0xed, 0xff, 0xc3, 0x0, 0x7f,
    0xb4, 0x4c, 0xf2, 0xc, 0xc0, 0x0, 0x1e, 0x90,
    0xf6, 0x0, 0x0, 0xac, 0x2f, 0x50, 0x0, 0xc,
    0xb0, 0xea, 0x0, 0x2, 0xf7, 0x7, 0xfa, 0x57,
    0xee, 0x0, 0x5, 0xcf, 0xea, 0x10,

    /* U+0037 "7" */
    0x13, 0x57, 0x9b, 0xe6, 0xcf, 0xff, 0xfe, 0xf5,
    0x13, 0x21, 0x8, 0xd0, 0x0, 0x0, 0xe, 0x60,
    0x0, 0x0, 0x7e, 0x0, 0x0, 0x0, 0xe7, 0x0,
    0x0, 0x6, 0xf1, 0x0, 0x0, 0xd, 0xa0, 0x0,
    0x0, 0x3f, 0x30, 0x0, 0x0, 0xad, 0x0, 0x0,
    0x1, 0xf8, 0x0, 0x0, 0x3, 0xf3, 0x0, 0x0,

    /* U+0038 "8" */
    0x0, 0x4c, 0xfe, 0x91, 0x0, 0x4f, 0xa5, 0x6d,
    0xc1, 0xa, 0xd0, 0x0, 0x3f, 0x80, 0x8e, 0x10,
    0x3e, 0xa0, 0x1, 0xce, 0x9f, 0x80, 0x0, 0x2,
    0xff, 0xf7, 0x0, 0x3, 0xfb, 0x16, 0xeb, 0x0,
    0xdb, 0x0, 0x2, 0xf6, 0x3f, 0x40, 0x0, 0xe,
    0x92, 0xf7, 0x0, 0x1, 0xf8, 0xa, 0xf8, 0x57,
    0xee, 0x10, 0x8, 0xef, 0xd9, 0x20,

    /* U+0039 "9" */
    0x0, 0x2a, 0xfe, 0xa8, 0xa0, 0x2e, 0xe7, 0x5d,
    0xfd, 0xc, 0xd1, 0x0, 0x1e, 0x91, 0xf5, 0x0,
    0x2, 0xf5, 0x3f, 0x30, 0x0, 0xcf, 0x20, 0xfa,
    0x24, 0xcf, 0xf0, 0x5, 0xff, 0xfb, 0xbc, 0x0,
    0x1, 0x42, 0xc, 0x90, 0x0, 0x0, 0x0, 0xf7,
    0x0, 0x0, 0x0, 0x3f, 0x40, 0x0, 0x0, 0x6,
    0xf2, 0x0, 0x0, 0x0, 0x7e, 0x0,

    /* U+003A ":" */
    0x9e, 0x2c, 0xf4, 0x24, 0x0, 0x0, 0x0, 0x0,
    0x0, 0x24, 0xc, 0xf4, 0x9e, 0x20,

    /* U+003B ";" */
    0x1, 0x40, 0xc, 0xf4, 0x9, 0xe2, 0x0, 0x0,
    0x0, 0x0, 0x0, 0x0, 0x0, 0x20, 0xb, 0xf4,
    0x9, 0xf8, 0x0, 0xb7, 0x5, 0xf1, 0xd, 0x40,

    /* U+003C "<" */
    0x0, 0x0, 0x3, 0xd2, 0x0, 0x1, 0xaf, 0xa0,
    0x1, 0x9f, 0xc3, 0x0, 0x6f, 0xc4, 0x0, 0x0,
    0x6f, 0xb3, 0x0, 0x0, 0x1, 0x8f, 0xb3, 0x0,
    0x0, 0x1, 0xaf, 0xa0, 0x0, 0x0, 0x4, 0xd1,

    /* U+003D "=" */
    0x0, 0x0, 0x0, 0x0, 0x2, 0xff, 0xff, 0xff,
    0xfb, 0x3, 0x33, 0x33, 0x33, 0x20, 0x0, 0x0,
    0x0, 0x0, 0x2f, 0xff, 0xff, 0xff, 0xb0, 0x33,
    0x33, 0x33, 0x32,

    /* U+003E ">" */
    0x6a, 0x10, 0x0, 0x0, 0x2d, 0xe7, 0x0, 0x0,
    0x0, 0x6e, 0xd6, 0x0, 0x0, 0x0, 0x6d, 0xe2,
    0x0, 0x0, 0x7e, 0xd2, 0x0, 0x6e, 0xe5, 0x0,
    0x3d, 0xf7, 0x0, 0x0, 0x7a, 0x10, 0x0, 0x0,

    /* U+003F "?" */
    0x0, 0x8d, 0xfd, 0x70, 0xc, 0xf8, 0x5a, 0xf5,
    0x9f, 0x20, 0x1, 0xf8, 0x56, 0x0, 0x4, 0xf5,
    0x0, 0x0, 0x2e, 0xc0, 0x0, 0x2, 0xec, 0x10,
    0x0, 0xd, 0xb0, 0x0, 0x0, 0x1f, 0x50, 0x0,
    0x0, 0xb, 0x40, 0x0, 0x0, 0x1, 0x0, 0x0,
    0x0, 0x4f, 0x70, 0x0, 0x0, 0x2e, 0x70, 0x0,

    /* U+0040 "@" */
    0x0, 0x0, 0x6, 0xbe, 0xfe, 0xa3, 0x0, 0x0,
    0x0, 0x2d, 0xd6, 0x32, 0x49, 0xf6, 0x0, 0x0,
    0x2f, 0x90, 0x0, 0x0, 0x3, 0xf4, 0x0, 0xd,
    0x90, 0x0, 0x0, 0x0, 0x7, 0xc0, 0x5, 0xe0,
    0x0, 0x9e, 0xda, 0x60, 0x1f, 0x10, 0xb8, 0x0,
    0xad, 0x37, 0xf5, 0x0, 0xe3, 0xf, 0x40, 0x3f,
    0x20, 0x2f, 0x20, 0xe, 0x41, 0xf1, 0x7, 0xd0,
    0x4, 0xf0, 0x0, 0xf2, 0x2f, 0x10, 0x9b, 0x0,
    0x7c, 0x0, 0x6d, 0x1, 0xf2, 0x6, 0xe1, 0x3e,
    0xe0, 0x3e, 0x50, 0xd, 0x60, 0xc, 0xfd, 0x3d,
    0xff, 0x60, 0x0, 0x8d, 0x0, 0x1, 0x0, 0x1,
    0x0, 0x0, 0x0, 0xda, 0x0, 0x0, 0x0, 0x0,
    0x0, 0x0, 0x2, 0xdd, 0x63, 0x24, 0x94, 0x0,
    0x0, 0x0, 0x0, 0x7c, 0xff, 0xd9, 0x10, 0x0,
    0x0,

    /* U+0041 "A" */
    0x0, 0x0, 0x0, 0xe6, 0x0, 0x0, 0x0, 0x0,
    0x0, 0x5f, 0xb0, 0x0, 0x0, 0x0, 0x0, 0xc,
    0xdf, 0x10, 0x0, 0x0, 0x0, 0x3, 0xf3, 0xe7,
    0x0, 0x0, 0x0, 0x0, 0xbb, 0x8, 0xe0, 0x0,
    0x0, 0x0, 0x3f, 0x40, 0x1f, 0x50, 0x0, 0x0,
    0xa, 0xd0, 0x0, 0xbc, 0x0, 0x0, 0xf, 0xff,
    0xff, 0xff, 0xf3, 0x0, 0x0, 0xbc, 0x11, 0x11,
    0x1c, 0xb0, 0x0, 0x2f, 0x50, 0x0, 0x0, 0x5f,
    0x20, 0xa, 0xd0, 0x0, 0x0, 0x0, 0xeb, 0x1,
    0xf6, 0x0, 0x0, 0x0, 0x7, 0xe1,

    /* U+0042 "B" */
    0x9, 0xcd, 0xff, 0xd7, 0x0, 0xb, 0xf7, 0x55,
    0x9f, 0x80, 0x7, 0xf0, 0x0, 0xb, 0xc0, 0x7,
    0xf0, 0x0, 0xd, 0xb0, 0x7, 0xf0, 0x5, 0xcf,
    0x30, 0x7, 0xff, 0xff, 0xfb, 0x20, 0x7, 0xf3,
    0x22, 0x4c, 0xe2, 0x7, 0xf0, 0x0, 0x0, 0xe9,
    0x7, 0xf0, 0x0, 0x0, 0xcb, 0x7, 0xf0, 0x0,
    0x2, 0xf8, 0x7, 0xf0, 0x14, 0x8f, 0xc0, 0x2e,
    0xff, 0xfe, 0xa5, 0x0,

    /* U+0043 "C" */
    0x0, 0x1, 0x9d, 0xfe, 0xa2, 0x0, 0x3, 0xee,
    0x86, 0x7d, 0xf2, 0x1, 0xec, 0x10, 0x0, 0x7,
    0x0, 0x9e, 0x10, 0x0, 0x0, 0x0, 0xf, 0x80,
    0x0, 0x0, 0x0, 0x3, 0xf4, 0x0, 0x0, 0x0,
    0x0, 0x4f, 0x20, 0x0, 0x0, 0x0, 0x4, 0xf2,
    0x0, 0x0, 0x0, 0x0, 0x2f, 0x60, 0x0, 0x0,
    0x1, 0x90, 0xcd, 0x10, 0x0, 0x3, 0xe7, 0x2,
    0xfe, 0x85, 0x6b, 0xf8, 0x0, 0x1, 0x9d, 0xfe,
    0xb4, 0x0,

    /* U+0044 "D" */
    0x9, 0xdf, 0xff, 0xc6, 0x0, 0x0, 0xbf, 0x75,
    0x5a, 0xfc, 0x10, 0x7, 0xf0, 0x0, 0x3, 0xed,
    0x0, 0x7f, 0x0, 0x0, 0x3, 0xf6, 0x7, 0xf0,
    0x0, 0x0, 0xc, 0xc0, 0x7f, 0x0, 0x0, 0x0,
    0x9e, 0x7, 0xf0, 0x0, 0x0, 0x9, 0xd0, 0x7f,
    0x0, 0x0, 0x0, 0xcb, 0x7, 0xf0, 0x0, 0x0,
    0x3f, 0x60, 0x7f, 0x0, 0x0, 0x3e, 0xc0, 0x7,
    0xf0, 0x14, 0x9f, 0xa1, 0x2, 0xef, 0xff, 0xd9,
    0x40, 0x0,

    /* U+0045 "E" */
    0x7f, 0xff, 0xff, 0xfe, 0x7, 0xf3, 0x33, 0x33,
    0x20, 0x7f, 0x0, 0x0, 0x0, 0x7, 0xf0, 0x0,
    0x0, 0x0, 0x7f, 0x0, 0x0, 0x0, 0xc, 0xff,
    0xff, 0xff, 0x10, 0x8f, 0x22, 0x22, 0x20, 0x7,
    0xf0, 0x0, 0x0, 0x0, 0x7f, 0x0, 0x0, 0x0,
    0x7, 0xf0, 0x0, 0x0, 0x0, 0x7f, 0x55, 0x55,
    0x55, 0x16, 0xff, 0xff, 0xff, 0xf7,

    /* U+0046 "F" */
    0x7f, 0xff, 0xff, 0xfe, 0x7, 0xf3, 0x33, 0x33,
    0x30, 0x7f, 0x0, 0x0, 0x0, 0x7, 0xf0, 0x0,
    0x0, 0x0, 0x7f, 0x0, 0x0, 0x0, 0xc, 0xff,
    0xff, 0xff, 0x10, 0x8f, 0x22, 0x22, 0x20, 0x7,
    0xf0, 0x0, 0x0, 0x0, 0x7f, 0x0, 0x0, 0x0,
    0x7, 0xf0, 0x0, 0x0, 0x0, 0x7f, 0x0, 0x0,
    0x0, 0x5, 0xf0, 0x0, 0x0, 0x0,

    /* U+0047 "G" */
    0x0, 0x1, 0x8d, 0xfe, 0xb3, 0x0, 0x0, 0x2e,
    0xe8, 0x56, 0xdf, 0x30, 0x0, 0xdc, 0x10, 0x0,
    0x9, 0x10, 0x7, 0xf2, 0x0, 0x0, 0x0, 0x0,
    0xe, 0x90, 0x0, 0x0, 0x0, 0x0, 0x1f, 0x50,
    0x0, 0x0, 0x0, 0x0, 0x3f, 0x30, 0x0, 0xef,
    0xff, 0xe1, 0x3f, 0x30, 0x0, 0x13, 0x36, 0xf0,
    0x1f, 0x60, 0x0, 0x0, 0x9, 0xf0, 0xb, 0xc0,
    0x0, 0x0, 0x3f, 0xf0, 0x2, 0xec, 0x53, 0x38,
    0xfc, 0xf0, 0x0, 0x18, 0xdf, 0xeb, 0x45, 0xf0,

    /* U+0048 "H" */
    0x7, 0xd0, 0x0, 0x0, 0x7d, 0x7, 0xf0, 0x0,
    0x0, 0x8f, 0x7, 0xf0, 0x0, 0x0, 0x7f, 0x7,
    0xf0, 0x0, 0x0, 0x7f, 0x7, 0xf0, 0x0, 0x1,
    0xaf, 0xf, 0xff, 0xff, 0xff, 0xff, 0x9, 0xf2,
    0x22, 0x22, 0x9f, 0x7, 0xf0, 0x0, 0x0, 0x7f,
    0x7, 0xf0, 0x0, 0x0, 0x7f, 0x7, 0xf0, 0x0,
    0x0, 0x7f, 0x7, 0xf0, 0x0, 0x0, 0x7f, 0x5,
    0xf0, 0x0, 0x0, 0x6e,

    /* U+0049 "I" */
    0x5e, 0x25, 0xf3, 0x5f, 0x35, 0xf3, 0x5f, 0x35,
    0xf3, 0x5f, 0x35, 0xf3, 0x5f, 0x35, 0xf3, 0x5f,
    0x33, 0xe3,

    /* U+004A "J" */
    0x0, 0x0, 0x2e, 0x30, 0x0, 0x2, 0xf5, 0x0,
    0x0, 0x2f, 0x40, 0x0, 0x2, 0xf4, 0x0, 0x0,
    0x2f, 0x40, 0x0, 0x2, 0xf4, 0x0, 0x0, 0x2f,
    0x40, 0x0, 0x2, 0xf4, 0x22, 0x0, 0x2f, 0x4d,
    0xb0, 0x4, 0xf3, 0x7f, 0xa7, 0xde, 0x0, 0x7e,
    0xfc, 0x30,

    /* U+004B "K" */
    0x7d, 0x0, 0x0, 0x8e, 0x20, 0x7f, 0x0, 0x8,
    0xf8, 0x0, 0x7f, 0x0, 0xaf, 0x70, 0x0, 0x7f,
    0xb, 0xf5, 0x0, 0x0, 0x7f, 0xce, 0x30, 0x0,
    0x0, 0x7f, 0xfa, 0x0, 0x0, 0x0, 0x7f, 0x6f,
    0x70, 0x0, 0x0, 0x7f, 0x7, 0xf6, 0x0, 0x0,
    0x7f, 0x0, 0x9f, 0x50, 0x0, 0x7f, 0x0, 0xa,
    0xf4, 0x0, 0x7f, 0x0, 0x0, 0xbf, 0x50, 0x5f,
    0x0, 0x0, 0xc, 0xd0,

    /* U+004C "L" */
    0x7d, 0x0, 0x0, 0x0, 0x7f, 0x0, 0x0, 0x0,
    0x7f, 0x0, 0x0, 0x0, 0x7f, 0x0, 0x0, 0x0,
    0x7f, 0x0, 0x0, 0x0, 0x7f, 0x0, 0x0, 0x0,
    0x7f, 0x0, 0x0, 0x0, 0x7f, 0x0, 0x0, 0x0,
    0x7f, 0x0, 0x0, 0x0, 0x7f, 0x0, 0x0, 0x0,
    0x7f, 0x77, 0x77, 0x72, 0x5f, 0xff, 0xff, 0xf8,

    /* U+004D "M" */
    0x1, 0xd8, 0x0, 0x0, 0x0, 0xdb, 0x0, 0x2,
    0xff, 0x0, 0x0, 0x6, 0xfe, 0x0, 0x4, 0xff,
    0x50, 0x0, 0xd, 0xef, 0x0, 0x5, 0xfa, 0xb0,
    0x0, 0x5f, 0x6f, 0x10, 0x7, 0xe4, 0xf2, 0x0,
    0xca, 0x2f, 0x20, 0x9, 0xc0, 0xd8, 0x2, 0xf3,
    0xf, 0x40, 0xb, 0xa0, 0x7e, 0x9, 0xc0, 0xf,
    0x60, 0xd, 0x90, 0x1f, 0x6f, 0x50, 0xd, 0x80,
    0xf, 0x70, 0xa, 0xfe, 0x0, 0xb, 0xa0, 0x1f,
    0x50, 0x4, 0xf9, 0x0, 0xa, 0xc0, 0x4f, 0x30,
    0x0, 0x40, 0x0, 0x8, 0xf0, 0x6e, 0x10, 0x0,
    0x0, 0x0, 0x6, 0xf1,

    /* U+004E "N" */
    0x6f, 0x30, 0x0, 0x2, 0xe3, 0x7f, 0xc0, 0x0,
    0x2, 0xf5, 0x7f, 0xf6, 0x0, 0x1, 0xf5, 0x7f,
    0xae, 0x10, 0x1, 0xf5, 0x7f, 0x1e, 0xa0, 0x1,
    0xf5, 0x7f, 0x6, 0xf4, 0x1, 0xf5, 0x7f, 0x0,
    0xcd, 0x1, 0xf5, 0x7f, 0x0, 0x2f, 0x91, 0xf5,
    0x7f, 0x0, 0x6, 0xf5, 0xf5, 0x7f, 0x0, 0x0,
    0xce, 0xf5, 0x7f, 0x0, 0x0, 0x2f, 0xf5, 0x5e,
    0x0, 0x0, 0x6, 0xe2,

    /* U+004F "O" */
    0x0, 0x1, 0x8e, 0xfd, 0x80, 0x0, 0x0, 0xaf,
    0xd7, 0x47, 0xfc, 0x0, 0x6, 0xfa, 0x0, 0x0,
    0x3f, 0x80, 0xc, 0xc0, 0x0, 0x0, 0xa, 0xe0,
    0x1f, 0x50, 0x0, 0x0, 0x5, 0xf2, 0x4f, 0x20,
    0x0, 0x0, 0x3, 0xf4, 0x4f, 0x20, 0x0, 0x0,
    0x4, 0xf3, 0x3f, 0x40, 0x0, 0x0, 0x6, 0xf1,
    0xf, 0x80, 0x0, 0x0, 0xd, 0xc0, 0x8, 0xf3,
    0x0, 0x0, 0x6f, 0x50, 0x0, 0xcf, 0x96, 0x7b,
    0xf9, 0x0, 0x0, 0x7, 0xdf, 0xfc, 0x50, 0x0,

    /* U+0050 "P" */
    0x19, 0xce, 0xff, 0xea, 0x20, 0xc, 0xf7, 0x55,
    0x7e, 0xf1, 0x7, 0xf0, 0x0, 0x3, 0xf5, 0x7,
    0xf0, 0x0, 0x6, 0xf3, 0x7, 0xf0, 0x3, 0x8f,
    0xa0, 0x7, 0xff, 0xff, 0xc6, 0x0, 0x7, 0xf2,
    0x10, 0x0, 0x0, 0x7, 0xf0, 0x0, 0x0, 0x0,
    0x7, 0xf0, 0x0, 0x0, 0x0, 0x7, 0xf0, 0x0,
    0x0, 0x0, 0x7, 0xf0, 0x0, 0x0, 0x0, 0x5,
    0xf0, 0x0, 0x0, 0x0,

    /* U+0051 "Q" */
    0x0, 0x1, 0x8e, 0xfd, 0x70, 0x0, 0x0, 0xbf,
    0xd6, 0x47, 0xfc, 0x0, 0x6, 0xf9, 0x0, 0x0,
    0x3f, 0x80, 0xc, 0xc0, 0x0, 0x0, 0xa, 0xe0,
    0x1f, 0x50, 0x0, 0x0, 0x5, 0xf2, 0x3f, 0x20,
    0x0, 0x0, 0x3, 0xf4, 0x4f, 0x20, 0x0, 0x0,
    0x4, 0xf3, 0x3f, 0x40, 0x0, 0x0, 0x6, 0xf1,
    0xf, 0x80, 0x7, 0xa0, 0xb, 0xc0, 0x8, 0xf2,
    0x4, 0xfb, 0x6f, 0x50, 0x0, 0xcf, 0x86, 0xaf,
    0xf9, 0x0, 0x0, 0x7, 0xdf, 0xfc, 0xeb, 0x10,
    0x0, 0x0, 0x0, 0x0, 0x1b, 0xe3,

    /* U+0052 "R" */
    0x19, 0xbe, 0xff, 0xd8, 0x0, 0x0, 0xcf, 0x75,
    0x58, 0xf9, 0x0, 0x7, 0xf0, 0x0, 0x8, 0xf0,
    0x0, 0x7f, 0x0, 0x0, 0x9f, 0x0, 0x7, 0xf0,
    0x1, 0x8f, 0x70, 0x0, 0x7f, 0xde, 0xfe, 0x70,
    0x0, 0x7, 0xfd, 0xf4, 0x0, 0x0, 0x0, 0x7f,
    0x1d, 0xc0, 0x0, 0x0, 0x7, 0xf0, 0x1e, 0xb0,
    0x0, 0x0, 0x7f, 0x0, 0x2e, 0xa0, 0x0, 0x7,
    0xf0, 0x0, 0x3f, 0xb1, 0x0, 0x5e, 0x0, 0x0,
    0x2b, 0xe3,

    /* U+0053 "S" */
    0x0, 0x4b, 0xff, 0xc5, 0x0, 0x5, 0xfc, 0x66,
    0xbf, 0x60, 0xd, 0xb0, 0x0, 0x6, 0x40, 0xe,
    0x90, 0x0, 0x0, 0x0, 0x8, 0xfb, 0x62, 0x0,
    0x0, 0x0, 0x5b, 0xff, 0xc5, 0x0, 0x0, 0x0,
    0x4, 0xaf, 0x70, 0x0, 0x0, 0x0, 0xa, 0xf0,
    0x0, 0x0, 0x0, 0x6, 0xf1, 0x5e, 0x10, 0x0,
    0xb, 0xe0, 0x2e, 0xe8, 0x66, 0xcf, 0x60, 0x1,
    0x8d, 0xfe, 0xb3, 0x0,

    /* U+0054 "T" */
    0xe, 0xff, 0xff, 0xff, 0xff, 0x0, 0x46, 0x67,
    0xf9, 0x66, 0x50, 0x0, 0x0, 0x2f, 0x50, 0x0,
    0x0, 0x0, 0x2, 0xf5, 0x0, 0x0, 0x0, 0x0,
    0x2f, 0x50, 0x0, 0x0, 0x0, 0x2, 0xf5, 0x0,
    0x0, 0x0, 0x0, 0x2f, 0x50, 0x0, 0x0, 0x0,
    0x2, 0xf5, 0x0, 0x0, 0x0, 0x0, 0x2f, 0x50,
    0x0, 0x0, 0x0, 0x2, 0xf5, 0x0, 0x0, 0x0,
    0x0, 0x2f, 0x50, 0x0, 0x0, 0x0, 0x1, 0xe5,
    0x0, 0x0,

    /* U+0055 "U" */
    0x7d, 0x0, 0x0, 0xa, 0xb7, 0xf0, 0x0, 0x0,
    0xad, 0x7f, 0x0, 0x0, 0xa, 0xd7, 0xf0, 0x0,
    0x0, 0xad, 0x7f, 0x0, 0x0, 0xa, 0xd7, 0xf0,
    0x0, 0x0, 0xad, 0x7f, 0x0, 0x0, 0xa, 0xd7,
    0xf0, 0x0, 0x0, 0xad, 0x6f, 0x0, 0x0, 0xc,
    0xc4, 0xf4, 0x0, 0x3, 0xf8, 0xd, 0xe7, 0x58,
    0xfd, 0x0, 0x19, 0xdf, 0xe9, 0x10,

    /* U+0056 "V" */
    0xda, 0x0, 0x0, 0x0, 0xaa, 0x8f, 0x10, 0x0,
    0x1, 0xf8, 0x2f, 0x70, 0x0, 0x7, 0xf1, 0xb,
    0xd0, 0x0, 0xd, 0xa0, 0x5, 0xf2, 0x0, 0x3f,
    0x30, 0x0, 0xf8, 0x0, 0x9d, 0x0, 0x0, 0x9d,
    0x0, 0xf6, 0x0, 0x0, 0x3f, 0x36, 0xf1, 0x0,
    0x0, 0xd, 0x8c, 0xa0, 0x0, 0x0, 0x8, 0xef,
    0x40, 0x0, 0x0, 0x3, 0xfe, 0x0, 0x0, 0x0,
    0x0, 0xa9, 0x0, 0x0,

    /* U+0057 "W" */
    0xe, 0x80, 0x0, 0xc, 0xc0, 0x0, 0x7, 0xd0,
    0xa, 0xe0, 0x0, 0x1f, 0xf1, 0x0, 0xc, 0xd0,
    0x5, 0xf3, 0x0, 0x5f, 0xf5, 0x0, 0x1f, 0x70,
    0x1, 0xf7, 0x0, 0xac, 0xca, 0x0, 0x5f, 0x20,
    0x0, 0xcb, 0x0, 0xe8, 0x8e, 0x0, 0xad, 0x0,
    0x0, 0x8f, 0x3, 0xf3, 0x4f, 0x10, 0xe8, 0x0,
    0x0, 0x4f, 0x37, 0xe0, 0xf, 0x53, 0xf3, 0x0,
    0x0, 0xf, 0x6c, 0xa0, 0xc, 0x97, 0xe0, 0x0,
    0x0, 0xc, 0xaf, 0x60, 0x8, 0xdc, 0x90, 0x0,
    0x0, 0x8, 0xff, 0x10, 0x4, 0xff, 0x50, 0x0,
    0x0, 0x4, 0xfd, 0x0, 0x1, 0xff, 0x10, 0x0,
    0x0, 0x0, 0xc8, 0x0, 0x0, 0x9b, 0x0, 0x0,

    /* U+0058 "X" */
    0x4, 0xe4, 0x0, 0x0, 0x5e, 0x10, 0xd, 0xd0,
    0x0, 0x1e, 0xb0, 0x0, 0x2f, 0x80, 0xb, 0xe1,
    0x0, 0x0, 0x7f, 0x35, 0xf4, 0x0, 0x0, 0x0,
    0xcd, 0xf9, 0x0, 0x0, 0x0, 0x3, 0xfe, 0x0,
    0x0, 0x0, 0x0, 0x9f, 0xf2, 0x0, 0x0, 0x0,
    0x4f, 0x6c, 0xc0, 0x0, 0x0, 0xe, 0xb0, 0x2f,
    0x70, 0x0, 0xa, 0xf1, 0x0, 0x7f, 0x30, 0x6,
    0xf6, 0x0, 0x0, 0xce, 0x20, 0xdb, 0x0, 0x0,
    0x2, 0xe7,

    /* U+0059 "Y" */
    0xbc, 0x0, 0x0, 0x3, 0xe4, 0x4f, 0x50, 0x0,
    0xd, 0xc0, 0xb, 0xe0, 0x0, 0x7f, 0x20, 0x2,
    0xf8, 0x2, 0xf7, 0x0, 0x0, 0x7f, 0x2b, 0xd0,
    0x0, 0x0, 0xd, 0xef, 0x40, 0x0, 0x0, 0x4,
    0xfa, 0x0, 0x0, 0x0, 0x0, 0xf7, 0x0, 0x0,
    0x0, 0x0, 0xf7, 0x0, 0x0, 0x0, 0x0, 0xf7,
    0x0, 0x0, 0x0, 0x0, 0xf7, 0x0, 0x0, 0x0,
    0x0, 0xd7, 0x0, 0x0,

    /* U+005A "Z" */
    0x0, 0x0, 0x0, 0x6, 0xd0, 0xb, 0xff, 0xff,
    0xff, 0xc0, 0x0, 0x33, 0x33, 0x9d, 0x10, 0x0,
    0x0, 0x3, 0xf3, 0x0, 0x0, 0x0, 0x1e, 0x60,
    0x0, 0x0, 0x0, 0xbb, 0x0, 0x0, 0x0, 0x7,
    0xe1, 0x0, 0x0, 0x0, 0x3f, 0x50, 0x0, 0x0,
    0x0, 0xdb, 0x0, 0x0, 0x0, 0x9, 0xf1, 0x0,
    0x0, 0x0, 0x5f, 0xb5, 0x55, 0x55, 0x50, 0x8f,
    0xff, 0xff, 0xff, 0xf3,

    /* U+005B "[" */
    0x9f, 0xf4, 0xab, 0x30, 0xaa, 0x0, 0xaa, 0x0,
    0xaa, 0x0, 0xaa, 0x0, 0xaa, 0x0, 0xaa, 0x0,
    0xaa, 0x0, 0xaa, 0x0, 0xaa, 0x0, 0xaa, 0x0,
    0xaa, 0x0, 0xab, 0x30, 0x8f, 0xf4,

    /* U+005C "\\" */
    0xc, 0x40, 0x0, 0x0, 0xb9, 0x0, 0x0, 0x5,
    0xe0, 0x0, 0x0, 0xf, 0x40, 0x0, 0x0, 0x9a,
    0x0, 0x0, 0x4, 0xf0, 0x0, 0x0, 0xe, 0x60,
    0x0, 0x0, 0x8c, 0x0, 0x0, 0x2, 0xf1, 0x0,
    0x0, 0xc, 0x70, 0x0, 0x0, 0x6d, 0x0, 0x0,
    0x1, 0xf3, 0x0, 0x0, 0xa, 0x50,

    /* U+005D "]" */
    0xbf, 0xf2, 0x13, 0xf3, 0x1, 0xf3, 0x1, 0xf3,
    0x1, 0xf3, 0x1, 0xf3, 0x1, 0xf3, 0x1, 0xf3,
    0x1, 0xf3, 0x1, 0xf3, 0x1, 0xf3, 0x1, 0xf3,
    0x1, 0xf3, 0x13, 0xf3, 0xbf, 0xf3,

    /* U+005E "^" */
    0x0, 0x5, 0x20, 0x0, 0x0, 0x1f, 0xc0, 0x0,
    0x0, 0x9d, 0xf3, 0x0, 0x1, 0xf5, 0xab, 0x0,
    0x8, 0xd0, 0x3f, 0x30, 0xf, 0x60, 0xb, 0xa0,
    0x7e, 0x0, 0x4, 0xf2, 0xb7, 0x0, 0x0, 0xd7,

    /* U+005F "_" */
    0x0, 0x11, 0x11, 0x11, 0x0, 0x5f, 0xff, 0xff,
    0xff, 0xf5, 0x3, 0x44, 0x44, 0x44, 0x30,

    /* U+0060 "`" */
    0x9c, 0x0, 0x4f, 0xc0, 0x3, 0xd3,

    /* U+0061 "a" */
    0x0, 0x1a, 0xfe, 0xbd, 0x0, 0x1e, 0xc5, 0x8f,
    0xe0, 0xa, 0xd0, 0x0, 0x9d, 0x1, 0xf6, 0x0,
    0xa, 0xc0, 0x3f, 0x30, 0x0, 0xec, 0x2, 0xf3,
    0x0, 0x6f, 0xd0, 0xe, 0xb4, 0x8f, 0xbf, 0x10,
    0x3c, 0xfc, 0x41, 0xe3,

    /* U+0062 "b" */
    0xa9, 0x0, 0x0, 0x0, 0xbb, 0x0, 0x0, 0x0,
    0xbb, 0x0, 0x0, 0x0, 0xbb, 0x0, 0x0, 0x0,
    0xbb, 0x5d, 0xfc, 0x30, 0xbe, 0xf8, 0x5c, 0xe1,
    0xbf, 0x60, 0x2, 0xf5, 0xbe, 0x0, 0x0, 0xf6,
    0xbb, 0x0, 0x2, 0xf4, 0xbb, 0x0, 0xa, 0xe0,
    0xbf, 0x85, 0xaf, 0x50, 0xa8, 0xcf, 0xc4, 0x0,

    /* U+0063 "c" */
    0x0, 0x9, 0xee, 0x90, 0x1, 0xee, 0x66, 0xf6,
    0xa, 0xe1, 0x0, 0x20, 0x1f, 0x50, 0x0, 0x0,
    0x3f, 0x20, 0x0, 0x0, 0x2f, 0x50, 0x0, 0x3b,
    0xc, 0xf6, 0x59, 0xf3, 0x1, 0xaf, 0xfb, 0x30,

    /* U+0064 "d" */
    0x0, 0x0, 0x0, 0x8c, 0x0, 0x0, 0x0, 0x8,
    0xe0, 0x0, 0x0, 0x0, 0x7e, 0x0, 0x0, 0x0,
    0x7, 0xe0, 0x0, 0x2a, 0xfe, 0xce, 0x0, 0x2e,
    0xd5, 0x7f, 0xe0, 0xb, 0xd0, 0x0, 0x7e, 0x1,
    0xf6, 0x0, 0x8, 0xe0, 0x3f, 0x20, 0x0, 0xbe,
    0x2, 0xf3, 0x0, 0x4f, 0xf0, 0xd, 0xb3, 0x7f,
    0xaf, 0x20, 0x2c, 0xfd, 0x50, 0xd4,

    /* U+0065 "e" */
    0x0, 0x1a, 0xef, 0xc2, 0x2, 0xec, 0x54, 0xcc,
    0xc, 0xb1, 0x24, 0xbd, 0x5f, 0xff, 0xfe, 0xb4,
    0x2f, 0x62, 0x10, 0x0, 0xf, 0x70, 0x0, 0x2c,
    0x9, 0xf6, 0x59, 0xf4, 0x0, 0x9f, 0xfb, 0x30,

    /* U+0066 "f" */
    0x0, 0x6e, 0xe5, 0x0, 0xfa, 0x9b, 0x1, 0xf4,
    0x0, 0x2, 0xf4, 0x0, 0xcf, 0xff, 0xf5, 0x15,
    0xf7, 0x31, 0x2, 0xf4, 0x0, 0x2, 0xf4, 0x0,
    0x2, 0xf4, 0x0, 0x2, 0xf4, 0x0, 0x2, 0xf4,
    0x0, 0x1, 0xe4, 0x0,

    /* U+0067 "g" */
    0x0, 0x2b, 0xfd, 0xad, 0x0, 0x2e, 0xc5, 0x7f,
    0xf0, 0xb, 0xd0, 0x0, 0x5f, 0x1, 0xf5, 0x0,
    0x6, 0xf0, 0x3f, 0x30, 0x0, 0x8f, 0x2, 0xf4,
    0x0, 0x1e, 0xf0, 0xc, 0xc5, 0x7e, 0xef, 0x0,
    0x2b, 0xfe, 0x87, 0xf0, 0x9, 0x10, 0x0, 0xcb,
    0x1, 0xec, 0x56, 0xcf, 0x30, 0x3, 0xcf, 0xeb,
    0x30, 0x0,

    /* U+0068 "h" */
    0xa8, 0x0, 0x0, 0x0, 0xbb, 0x0, 0x0, 0x0,
    0xbb, 0x0, 0x0, 0x0, 0xbb, 0x0, 0x0, 0x0,
    0xbb, 0x4c, 0xfd, 0x30, 0xbe, 0xf9, 0x6c, 0xd0,
    0xbf, 0x50, 0x5, 0xf0, 0xbe, 0x0, 0x4, 0xf1,
    0xbc, 0x0, 0x4, 0xf1, 0xbb, 0x0, 0x4, 0xf1,
    0xbb, 0x0, 0x4, 0xf1, 0x9a, 0x0, 0x3, 0xe1,

    /* U+0069 "i" */
    0xac, 0xa, 0xe0, 0x0, 0x0, 0x0, 0x9b, 0x9,
    0xd0, 0x9d, 0x9, 0xd0, 0x9d, 0x9, 0xd0, 0x9d,
    0x8, 0xc0,

    /* U+006A "j" */
    0x0, 0xe, 0x70, 0x0, 0xe9, 0x0, 0x0, 0x0,
    0x0, 0x0, 0x0, 0xe, 0x50, 0x0, 0xf7, 0x0,
    0xf, 0x70, 0x0, 0xf7, 0x0, 0xf, 0x70, 0x0,
    0xf7, 0x0, 0xf, 0x70, 0x0, 0xf7, 0x0, 0xf,
    0x70, 0xc7, 0xf5, 0xb, 0xfb, 0x0,

    /* U+006B "k" */
    0xa9, 0x0, 0x0, 0x0, 0xbb, 0x0, 0x0, 0x0,
    0xbb, 0x0, 0x0, 0x0, 0xbb, 0x0, 0x0, 0x0,
    0xbb, 0x0, 0x6e, 0x50, 0xbb, 0x1b, 0xf6, 0x0,
    0xbe, 0xfb, 0x10, 0x0, 0xbf, 0xf5, 0x0, 0x0,
    0xbb, 0x7f, 0x50, 0x0, 0xbb, 0x8, 0xf5, 0x0,
    0xbb, 0x0, 0x8f, 0x60, 0x9b, 0x0, 0x7, 0xe2,

    /* U+006C "l" */
    0x9a, 0x0, 0xad, 0x0, 0x9d, 0x0, 0x9d, 0x0,
    0x9d, 0x0, 0x9d, 0x0, 0x9d, 0x0, 0x9d, 0x0,
    0x9d, 0x0, 0x9d, 0x0, 0x9e, 0x94, 0x3e, 0xb0,

    /* U+006D "m" */
    0xba, 0x9e, 0xe4, 0x5d, 0xf9, 0xb, 0xfd, 0x5a,
    0xff, 0x75, 0xf6, 0xbf, 0x20, 0x3f, 0x70, 0xb,
    0xbb, 0xd0, 0x2, 0xf3, 0x0, 0xab, 0xbb, 0x0,
    0x2f, 0x20, 0xa, 0xcb, 0xa0, 0x2, 0xf2, 0x0,
    0xac, 0xbb, 0x0, 0x2f, 0x30, 0xa, 0xc9, 0xb0,
    0x2, 0xe3, 0x0, 0x8b,

    /* U+006E "n" */
    0xa9, 0x5d, 0xfd, 0x30, 0xbf, 0xf8, 0x5c, 0xd0,
    0xbf, 0x50, 0x5, 0xf0, 0xbe, 0x0, 0x4, 0xf1,
    0xbc, 0x0, 0x4, 0xf1, 0xbb, 0x0, 0x4, 0xf1,
    0xbb, 0x0, 0x4, 0xf1, 0x9a, 0x0, 0x3, 0xe1,

    /* U+006F "o" */
    0x0, 0x49, 0xee, 0x90, 0x0, 0x3f, 0xc6, 0x7e,
    0xa0, 0xc, 0xc0, 0x0, 0x6f, 0x11, 0xf4, 0x0,
    0x2, 0xf3, 0x3f, 0x20, 0x0, 0x4f, 0x21, 0xf5,
    0x0, 0xa, 0xe0, 0xa, 0xe7, 0x5a, 0xf5, 0x0,
    0x8, 0xdf, 0xd5, 0x0,

    /* U+0070 "p" */
    0xa9, 0x5d, 0xfc, 0x30, 0xbe, 0xf8, 0x4b, 0xe1,
    0xbf, 0x50, 0x1, 0xf5, 0xbe, 0x0, 0x0, 0xf6,
    0xbb, 0x0, 0x2, 0xf4, 0xbb, 0x0, 0xa, 0xf0,
    0xbf, 0x95, 0xaf, 0x60, 0xbd, 0xcf, 0xd5, 0x0,
    0xbb, 0x0, 0x0, 0x0, 0xbb, 0x0, 0x0, 0x0,
    0x9b, 0x0, 0x0, 0x0,

    /* U+0071 "q" */
    0x0, 0x2b, 0xfe, 0xcc, 0x2, 0xec, 0x57, 0xfe,
    0xb, 0xd0, 0x0, 0x8e, 0x1f, 0x50, 0x0, 0x8e,
    0x4f, 0x20, 0x0, 0xce, 0x2f, 0x30, 0x6, 0xfe,
    0xd, 0xc5, 0x9f, 0xce, 0x2, 0xcf, 0xd5, 0x7e,
    0x0, 0x0, 0x0, 0x7e, 0x0, 0x0, 0x0, 0x8e,
    0x0, 0x0, 0x0, 0x6e,

    /* U+0072 "r" */
    0xaa, 0x9e, 0xe6, 0xaf, 0xe7, 0xac, 0xaf, 0x20,
    0x0, 0xad, 0x0, 0x0, 0xab, 0x0, 0x0, 0xab,
    0x0, 0x0, 0xab, 0x0, 0x0, 0x8b, 0x0, 0x0,

    /* U+0073 "s" */
    0x0, 0x9e, 0xfc, 0x40, 0xa, 0xd5, 0x48, 0xe0,
    0xb, 0xb0, 0x0, 0x0, 0x3, 0xcf, 0xd8, 0x10,
    0x0, 0x1, 0x4b, 0xe1, 0x8, 0x0, 0x0, 0xf5,
    0x1f, 0xb5, 0x4a, 0xf2, 0x3, 0xbf, 0xfc, 0x40,

    /* U+0074 "t" */
    0x5, 0xd0, 0x0, 0x6, 0xf1, 0x0, 0x5, 0xf1,
    0x0, 0xdf, 0xff, 0xf1, 0x27, 0xf4, 0x30, 0x5,
    0xf1, 0x0, 0x5, 0xf1, 0x0, 0x5, 0xf1, 0x0,
    0x5, 0xf1, 0x1, 0x4, 0xf7, 0xb8, 0x0, 0xce,
    0x80,

    /* U+0075 "u" */
    0xa9, 0x0, 0x5, 0xe1, 0xbb, 0x0, 0x5, 0xf0,
    0xbb, 0x0, 0x5, 0xf0, 0xbb, 0x0, 0x7, 0xf0,
    0xbb, 0x0, 0xb, 0xf0, 0xac, 0x0, 0x3f, 0xf1,
    0x6f, 0x66, 0xeb, 0xf5, 0x9, 0xfe, 0x80, 0xc6,

    /* U+0076 "v" */
    0x8d, 0x0, 0x0, 0xe6, 0x3f, 0x30, 0x5, 0xf2,
    0xd, 0x90, 0xc, 0xa0, 0x7, 0xf0, 0x3f, 0x30,
    0x1, 0xf5, 0xac, 0x0, 0x0, 0xac, 0xf5, 0x0,
    0x0, 0x4f, 0xe0, 0x0, 0x0, 0xc, 0x70, 0x0,

    /* U+0077 "w" */
    0x9c, 0x0, 0x1e, 0x80, 0x1, 0xf4, 0x5f, 0x10,
    0x4f, 0xd0, 0x5, 0xf1, 0x1f, 0x50, 0xae, 0xf2,
    0xb, 0xa0, 0xc, 0x90, 0xf6, 0xe7, 0x1f, 0x40,
    0x7, 0xe5, 0xf1, 0x9c, 0x6e, 0x0, 0x2, 0xfd,
    0xa0, 0x5f, 0xd9, 0x0, 0x0, 0xef, 0x50, 0xf,
    0xf3, 0x0, 0x0, 0x7e, 0x0, 0x9, 0xd0, 0x0,

    /* U+0078 "x" */
    0x2e, 0x50, 0x4, 0xe3, 0x8, 0xf2, 0x1e, 0x80,
    0x0, 0xcc, 0xbc, 0x0, 0x0, 0x1e, 0xf1, 0x0,
    0x0, 0x4f, 0xf4, 0x0, 0x1, 0xe8, 0x8e, 0x10,
    0xc, 0xc0, 0xc, 0xc0, 0x6e, 0x20, 0x2, 0xe6,

    /* U+0079 "y" */
    0x8, 0xd0, 0x0, 0x9, 0x90, 0x3f, 0x50, 0x0,
    0xf8, 0x0, 0xcc, 0x0, 0x7f, 0x10, 0x5, 0xf2,
    0xe, 0x90, 0x0, 0xe, 0x96, 0xf2, 0x0, 0x0,
    0x7f, 0xda, 0x0, 0x0, 0x1, 0xff, 0x20, 0x0,
    0x0, 0xc, 0xb0, 0x0, 0x0, 0x3, 0xf4, 0x0,
    0x0, 0x86, 0xcc, 0x0, 0x0, 0xa, 0xfd, 0x20,
    0x0, 0x0,

    /* U+007A "z" */
    0xc, 0xff, 0xff, 0xc0, 0x1, 0x44, 0x7f, 0xa0,
    0x0, 0x2, 0xfc, 0x0, 0x0, 0x1d, 0xd1, 0x0,
    0x0, 0xbf, 0x20, 0x0, 0x7, 0xf5, 0x0, 0x0,
    0x4f, 0xb4, 0x44, 0x40, 0x6f, 0xff, 0xff, 0xf4,

    /* U+007B "{" */
    0x0, 0x3, 0x20, 0x7, 0xd1, 0x1, 0xf4, 0x0,
    0x3f, 0x20, 0x2, 0xf2, 0x0, 0x2f, 0x30, 0x2,
    0xf3, 0x0, 0x8f, 0x0, 0xdf, 0x80, 0x2, 0xaf,
    0x0, 0x2, 0xf3, 0x0, 0x2f, 0x30, 0x4, 0xf1,
    0x0, 0x5f, 0x0, 0x2, 0xf5, 0x0, 0x4, 0xd4,

    /* U+007C "|" */
    0xe7, 0xe8, 0xe8, 0xe8, 0xe8, 0xe8, 0xe8, 0xe8,
    0xe8, 0xe8, 0xe8, 0xe7,

    /* U+007D "}" */
    0x62, 0x0, 0x5, 0xf4, 0x0, 0x8, 0xc0, 0x0,
    0x6e, 0x0, 0x8, 0xd0, 0x0, 0x9b, 0x0, 0xa,
    0xb0, 0x0, 0x7f, 0x20, 0x0, 0xdf, 0x60, 0x4f,
    0x51, 0x8, 0xc0, 0x0, 0x9b, 0x0, 0x9, 0xc0,
    0x0, 0x9c, 0x0, 0xd, 0x80, 0xa, 0x80, 0x0,

    /* U+007E "~" */
    0x0, 0x0, 0x0, 0x0, 0x0, 0x5f, 0xfc, 0x62,
    0x6b, 0x2e, 0x65, 0xaf, 0xfe, 0x30, 0x10, 0x0,
    0x13, 0x0,

    /* U+51C6 "准" */
    0x0, 0x0, 0x0, 0x2, 0x91, 0x3, 0x0, 0x0,
    0x0, 0x0, 0x0, 0x7, 0xf2, 0x1f, 0x50, 0x0,
    0x5, 0xc1, 0x0, 0xe, 0xa0, 0x5f, 0x10, 0x0,
    0x1, 0xdd, 0x10, 0x9f, 0x44, 0xcc, 0x78, 0x40,
    0x0, 0x1e, 0x94, 0xff, 0xfe, 0xfd, 0xcb, 0x70,
    0x0, 0x1, 0x3e, 0xe8, 0x0, 0xf3, 0x0, 0x0,
    0x0, 0x0, 0xb4, 0xbe, 0xcd, 0xff, 0xff, 0x20,
    0x0, 0x0, 0x63, 0xbb, 0x66, 0xf6, 0x32, 0x0,
    0x0, 0x4, 0xe0, 0xb8, 0x2, 0xf5, 0x44, 0x0,
    0x0, 0x3f, 0x50, 0xcf, 0xff, 0xff, 0xfe, 0x30,
    0x3, 0xea, 0x0, 0xca, 0x22, 0xf3, 0x0, 0x0,
    0x2f, 0xc0, 0x0, 0xc9, 0x13, 0xf5, 0x33, 0x50,
    0x4, 0x10, 0x0, 0xdf, 0xff, 0xff, 0xff, 0xf7,
    0x0, 0x0, 0x0, 0xda, 0x21, 0x10, 0x0, 0x0,
    0x0, 0x0, 0x0, 0xa7, 0x0, 0x0, 0x0, 0x0,

    /* U+524D "前" */
    0x0, 0x0, 0x0, 0x0, 0x0, 0x10, 0x0, 0x0,
    0x0, 0x0, 0x46, 0x0, 0x0, 0xb9, 0x0, 0x0,
    0x0, 0x0, 0x4f, 0x90, 0x6, 0xf5, 0x0, 0x0,
    0x0, 0x0, 0x4, 0xf7, 0x6f, 0xb5, 0x68, 0x80,
    0xd, 0xde, 0xff, 0xff, 0xff, 0xed, 0xcb, 0xa1,
    0x2, 0x54, 0x32, 0x21, 0x0, 0x0, 0xa4, 0x0,
    0x0, 0x7e, 0xef, 0xff, 0x6, 0x40, 0xab, 0x0,
    0x0, 0x5e, 0x22, 0x4f, 0x18, 0xc0, 0xab, 0x0,
    0x0, 0x5f, 0xcd, 0xef, 0x17, 0xc0, 0xab, 0x0,
    0x0, 0x5e, 0x55, 0x6f, 0x17, 0xd0, 0xab, 0x0,
    0x0, 0x6d, 0x34, 0x6f, 0x17, 0xd0, 0xab, 0x0,
    0x0, 0x6f, 0xff, 0xef, 0x17, 0xd0, 0xab, 0x0,
    0x0, 0x7d, 0x0, 0x3f, 0x10, 0x20, 0xab, 0x0,
    0x0, 0x8c, 0x14, 0x3f, 0x10, 0x92, 0xab, 0x0,
    0x0, 0x9c, 0xc, 0xff, 0x10, 0x7f, 0xfb, 0x0,
    0x0, 0x58, 0x0, 0x7b, 0x0, 0x4, 0xd7, 0x0,

    /* U+52B3 "劳" */
    0x0, 0x0, 0x0, 0x0, 0x2, 0x0, 0x0, 0x0,
    0x0, 0x2, 0xe2, 0x0, 0x9c, 0x0, 0x0, 0x0,
    0x0, 0xd, 0x60, 0x9, 0xc1, 0x25, 0x20, 0x6e,
    0xff, 0xfd, 0xab, 0xed, 0xcb, 0xa5, 0x1, 0x43,
    0x29, 0xc0, 0x1e, 0x0, 0x0, 0x0, 0x8, 0x90,
    0x26, 0x2, 0x73, 0x34, 0x53, 0x0, 0xef, 0xee,
    0xff, 0xff, 0xff, 0xef, 0xd0, 0x5f, 0x74, 0x43,
    0xb4, 0x0, 0x2, 0xf3, 0xd, 0xc0, 0x0, 0xf,
    0x60, 0x1, 0x75, 0x0, 0x75, 0xdd, 0xef, 0xff,
    0xff, 0xf9, 0x0, 0x0, 0x4, 0x55, 0xdc, 0x32,
    0x1d, 0x90, 0x0, 0x0, 0x0, 0x4f, 0x50, 0x0,
    0xf7, 0x0, 0x0, 0x0, 0x1e, 0xb0, 0x0, 0x2f,
    0x40, 0x0, 0x0, 0x2d, 0xd1, 0xb9, 0x25, 0xf1,
    0x0, 0x0, 0x5e, 0xb1, 0x0, 0xbf, 0xed, 0x0,
    0x0, 0x8c, 0x50, 0x0, 0x0, 0x6e, 0x60, 0x0,
    0x0, 0x0, 0x0, 0x0, 0x0, 0x0, 0x0, 0x0,

    /* U+538B "压" */
    0x0, 0x0, 0x0, 0x0, 0x0, 0x0, 0x11, 0x0,
    0x0, 0x4c, 0x89, 0xab, 0xcd, 0xef, 0xfe, 0x0,
    0x0, 0x3f, 0xca, 0x98, 0x86, 0x54, 0x32, 0x0,
    0x0, 0x3f, 0x20, 0x0, 0xe6, 0x0, 0x0, 0x0,
    0x0, 0x3f, 0x20, 0x0, 0xd8, 0x0, 0x0, 0x0,
    0x0, 0x4f, 0x10, 0x0, 0xd8, 0x0, 0x0, 0x0,
    0x0, 0x5f, 0x11, 0x12, 0xea, 0x56, 0x60, 0x0,
    0x0, 0x8d, 0x3f, 0xff, 0xff, 0xfe, 0xd3, 0x0,
    0x0, 0xaa, 0x1, 0x21, 0xe7, 0x75, 0x0, 0x0,
    0x0, 0xe6, 0x0, 0x0, 0xe7, 0x8f, 0x80, 0x0,
    0x3, 0xf2, 0x0, 0x0, 0xe7, 0x6, 0xf6, 0x0,
    0x8, 0xb0, 0x0, 0x0, 0xe6, 0x0, 0x63, 0x10,
    0xe, 0x3b, 0xcd, 0xde, 0xff, 0xff, 0xff, 0xf2,
    0x57, 0x3, 0x77, 0x66, 0x55, 0x44, 0x43, 0x20,

    /* U+5EA6 "度" */
    0x0, 0x0, 0x0, 0x2, 0x20, 0x0, 0x0, 0x0,
    0x0, 0x0, 0x0, 0x5, 0xf1, 0x0, 0x0, 0x0,
    0x0, 0x0, 0x0, 0x4, 0xf1, 0x0, 0x0, 0x0,
    0x0, 0x6e, 0xde, 0xff, 0xfc, 0xcc, 0xdd, 0x40,
    0x0, 0x4f, 0x75, 0xe6, 0x12, 0xd3, 0x0, 0x0,
    0x0, 0x3f, 0x31, 0xd9, 0x45, 0xfb, 0xab, 0x0,
    0x0, 0x4f, 0xbf, 0xff, 0xdd, 0xfc, 0xa9, 0x10,
    0x0, 0x4f, 0x0, 0xab, 0x45, 0xf3, 0x0, 0x0,
    0x0, 0x6e, 0x0, 0x9e, 0xbb, 0xa3, 0x0, 0x0,
    0x0, 0x8c, 0x1c, 0xdf, 0xef, 0xff, 0x50, 0x0,
    0x0, 0xb9, 0x4, 0x97, 0x54, 0xbf, 0x20, 0x0,
    0x0, 0xe5, 0x0, 0xae, 0x48, 0xf5, 0x0, 0x0,
    0x4, 0xf0, 0x0, 0xb, 0xff, 0x70, 0x0, 0x0,
    0x9, 0x90, 0x0, 0x4d, 0xff, 0xe7, 0x0, 0x0,
    0x1e, 0x10, 0x5c, 0xfa, 0x11, 0xaf, 0xfa, 0x50,
    0x74, 0xb, 0xc8, 0x20, 0x0, 0x1, 0x8e, 0xf2,
    0x0, 0x0, 0x0, 0x0, 0x0, 0x0, 0x0, 0x10,

    /* U+5F20 "张" */
    0x0, 0x0, 0x0, 0x26, 0x0, 0x0, 0x0, 0x2,
    0xcd, 0xee, 0x71, 0xf3, 0x0, 0xa9, 0x0, 0x5,
    0x65, 0xe8, 0xf, 0x40, 0x7f, 0x60, 0x0, 0x10,
    0xf, 0x50, 0xf4, 0x8f, 0x50, 0x0, 0xc, 0xde,
    0xf6, 0xf, 0x99, 0x20, 0x0, 0x0, 0xd9, 0x43,
    0x32, 0xf7, 0x57, 0x89, 0xa1, 0xf, 0x40, 0xd,
    0xff, 0xff, 0xec, 0xba, 0x31, 0xfe, 0xff, 0x42,
    0xf3, 0xd8, 0x0, 0x0, 0x4, 0x43, 0xf5, 0xf,
    0x35, 0xf1, 0x0, 0x0, 0x0, 0x1f, 0x40, 0xf3,
    0xd, 0xa0, 0x0, 0x0, 0x2, 0xf2, 0xf, 0x30,
    0x4f, 0x60, 0x0, 0x40, 0x5f, 0x0, 0xf5, 0x95,
    0x9f, 0x40, 0x9, 0xcb, 0xb1, 0x6f, 0xe5, 0x0,
    0xcf, 0x50, 0x5, 0xc4, 0x5e, 0x91, 0x0, 0x0,
    0xc8,

    /* U+5F53 "当" */
    0x0, 0x0, 0xb, 0x50, 0x0, 0x0, 0x0, 0x0,
    0xb, 0xa0, 0x1, 0x20, 0x18, 0x0, 0xb, 0xa0,
    0x6, 0xf2, 0x1e, 0xc0, 0xb, 0xa0, 0x1e, 0xb0,
    0x2, 0xeb, 0xb, 0xa0, 0xbc, 0x0, 0x0, 0x4a,
    0xa, 0xa4, 0x80, 0x0, 0x11, 0x23, 0x4c, 0xc6,
    0x78, 0x70, 0x8f, 0xff, 0xff, 0xed, 0xcc, 0xf4,
    0x2, 0x21, 0x0, 0x0, 0x3, 0xf2, 0x2, 0x33,
    0x45, 0x56, 0x7a, 0xf0, 0x8, 0xff, 0xff, 0xed,
    0xcd, 0xe0, 0x0, 0x0, 0x0, 0x0, 0x7, 0xd0,
    0x22, 0x23, 0x34, 0x45, 0x5b, 0xc0, 0x8f, 0xff,
    0xff, 0xff, 0xfe, 0xd1, 0x1, 0x11, 0x0, 0x0,
    0x0, 0x0,

    /* U+5FC3 "心" */
    0x0, 0x0, 0x1, 0x30, 0x0, 0x0, 0x0, 0x0,
    0x0, 0x0, 0x6, 0xf7, 0x0, 0x0, 0x0, 0x0,
    0x0, 0x0, 0x0, 0x8f, 0x90, 0x0, 0x0, 0x0,
    0x0, 0x0, 0x1, 0x6, 0xf8, 0x0, 0x0, 0x0,
    0x0, 0x62, 0x5f, 0x0, 0x43, 0x7, 0xa0, 0x0,
    0x0, 0xf6, 0x5f, 0x10, 0x0, 0x4, 0xf8, 0x0,
    0x4, 0xf2, 0x3f, 0x30, 0x0, 0x0, 0x7f, 0x50,
    0xa, 0xe0, 0xf, 0x60, 0x0, 0xa3, 0xb, 0xf2,
    0x1f, 0x80, 0xb, 0xc0, 0x0, 0x6c, 0x1, 0xd5,
    0x4f, 0x20, 0x3, 0xf7, 0x0, 0xf, 0x60, 0x0,
    0x1, 0x0, 0x0, 0x8f, 0xb5, 0x19, 0xe1, 0x0,
    0x0, 0x0, 0x0, 0x5, 0xdf, 0xff, 0xf6, 0x0,
    0x0, 0x0, 0x0, 0x0, 0x3, 0x68, 0x60, 0x0,

    /* U+62D4 "拔" */
    0x0, 0x2, 0x0, 0x0, 0x21, 0x0, 0x0, 0x0,
    0x0, 0xf, 0x40, 0x0, 0x7e, 0x44, 0x0, 0x0,
    0x0, 0xd, 0x60, 0x0, 0x7e, 0x7f, 0x80, 0x0,
    0x0, 0xe, 0x60, 0x0, 0x9c, 0x6, 0xc0, 0x0,
    0x14, 0x5e, 0xa3, 0x77, 0xde, 0xab, 0xce, 0xa0,
    0x3f, 0xff, 0xfe, 0x79, 0xfa, 0x64, 0x32, 0x0,
    0x3, 0x3e, 0x60, 0x2, 0xf3, 0x0, 0x0, 0x0,
    0x0, 0xe, 0x61, 0x27, 0xf9, 0xab, 0xc6, 0x0,
    0x0, 0xe, 0xcc, 0x2d, 0xfd, 0x77, 0xf7, 0x0,
    0x4, 0xaf, 0x90, 0x2f, 0x7e, 0x17, 0xe0, 0x0,
    0x9f, 0xaf, 0x50, 0x9c, 0x9, 0xbe, 0x50, 0x0,
    0x0, 0xe, 0x52, 0xf3, 0x2, 0xfd, 0x0, 0x0,
    0x2, 0xe, 0x5a, 0x80, 0x1d, 0xbe, 0xa0, 0x0,
    0xa, 0x9f, 0x6a, 0x1, 0xdb, 0x3, 0xfa, 0x0,
    0x0, 0x9e, 0x30, 0x4e, 0x80, 0x0, 0x4f, 0xd2,
    0x0, 0x0, 0x3, 0xb3, 0x0, 0x0, 0x3, 0xd5,

    /* U+6307 "指" */
    0x0, 0x8, 0x70, 0x9, 0x70, 0x0, 0x0, 0x0,
    0x0, 0x7d, 0x0, 0x9b, 0x0, 0x2e, 0x10, 0x0,
    0x7, 0xd0, 0x9, 0xb3, 0x9f, 0xc2, 0x60, 0x1,
    0x8e, 0x44, 0x9f, 0xe9, 0x20, 0x3c, 0x2f, 0xff,
    0xfe, 0xda, 0xc0, 0x0, 0x19, 0xc0, 0x12, 0x8d,
    0x0, 0x3f, 0xff, 0xff, 0xe5, 0x0, 0x7, 0xd3,
    0x91, 0x1, 0x11, 0x0, 0x0, 0x0, 0xaf, 0xd3,
    0x8e, 0xde, 0xff, 0xe1, 0x28, 0xef, 0xd0, 0x6,
    0xf4, 0x43, 0x7f, 0x5, 0xfa, 0xac, 0x0, 0x5e,
    0x0, 0x17, 0xe0, 0x0, 0x8, 0xc0, 0x4, 0xff,
    0xff, 0xfd, 0x0, 0x0, 0x8c, 0x0, 0x4f, 0x11,
    0x8, 0xb0, 0x8, 0xaa, 0xc0, 0x3, 0xf2, 0x23,
    0xaa, 0x0, 0xd, 0xfc, 0x0, 0x4f, 0xff, 0xff,
    0xe0, 0x0, 0x2d, 0x80, 0x2, 0xe1, 0x0, 0x0,
    0x0,

    /* U+6536 "收" */
    0x0, 0x0, 0x0, 0x0, 0x0, 0x0, 0x0, 0x0,
    0x0, 0x0, 0x4a, 0x0, 0x9, 0x90, 0x0, 0x0,
    0x0, 0x10, 0x3f, 0x10, 0xd, 0xb0, 0x0, 0x0,
    0x1, 0xf3, 0x3f, 0x10, 0x2f, 0x60, 0x0, 0x0,
    0x0, 0xf4, 0x3f, 0x10, 0x8f, 0x34, 0x56, 0x50,
    0x0, 0xf4, 0x3f, 0x10, 0xef, 0xff, 0xfe, 0xc0,
    0x0, 0xf3, 0x3f, 0x15, 0xf7, 0x3, 0xf3, 0x0,
    0x0, 0xf3, 0x3f, 0x1d, 0xcd, 0x8, 0xe0, 0x0,
    0x0, 0xf3, 0x3f, 0x89, 0x1f, 0x6e, 0x90, 0x0,
    0x0, 0xf3, 0x8f, 0x50, 0x7, 0xff, 0x20, 0x0,
    0x1, 0xff, 0xef, 0x10, 0x1, 0xfd, 0x0, 0x0,
    0x6f, 0xf7, 0x4f, 0x10, 0xb, 0xef, 0xa0, 0x0,
    0x6, 0x10, 0x4f, 0x0, 0x9e, 0x24, 0xfa, 0x0,
    0x0, 0x0, 0x4f, 0x19, 0xd2, 0x0, 0x4f, 0xd2,
    0x0, 0x0, 0x6f, 0x79, 0x0, 0x0, 0x3, 0xd7,
    0x0, 0x0, 0x2e, 0x0, 0x0, 0x0, 0x0, 0x0,

    /* U+6570 "数" */
    0x0, 0x0, 0x52, 0x0, 0x0, 0x73, 0x0, 0x0,
    0x0, 0x50, 0x99, 0x1c, 0x0, 0xda, 0x0, 0x0,
    0x0, 0xbb, 0x89, 0x9a, 0x0, 0xf6, 0x0, 0x0,
    0x0, 0x19, 0x9b, 0x95, 0x34, 0xf1, 0x12, 0x30,
    0x6, 0xff, 0xfe, 0xcb, 0x89, 0xff, 0xff, 0xe2,
    0x0, 0xb, 0xff, 0xc4, 0xe, 0xa1, 0xac, 0x0,
    0x0, 0xb9, 0x99, 0x5f, 0x7f, 0xe0, 0xd7, 0x0,
    0x9, 0x40, 0xa2, 0x20, 0xb4, 0xf6, 0xf3, 0x0,
    0x1, 0x26, 0xf3, 0xc8, 0x50, 0x9f, 0xc0, 0x0,
    0x1e, 0xff, 0xdb, 0xf9, 0x30, 0x3f, 0x70, 0x0,
    0x0, 0x3f, 0x49, 0xd0, 0x0, 0x9f, 0xd0, 0x0,
    0x0, 0x1a, 0xff, 0x50, 0x3, 0xfa, 0xf9, 0x0,
    0x0, 0x6, 0xfd, 0xe4, 0x1d, 0xb0, 0x7f, 0x70,
    0x2, 0xaf, 0x50, 0x85, 0xbc, 0x0, 0xa, 0xf6,
    0x1c, 0x71, 0x0, 0x6, 0x90, 0x0, 0x0, 0xa8,

    /* U+662F "是" */
    0x0, 0x0, 0x0, 0x0, 0x0, 0x0, 0x0, 0x0,
    0x0, 0x1, 0xeb, 0xcd, 0xee, 0xff, 0x20, 0x0,
    0x0, 0x0, 0xda, 0x44, 0x44, 0x6f, 0x10, 0x0,
    0x0, 0x0, 0xcf, 0xff, 0xee, 0xef, 0x0, 0x0,
    0x0, 0x0, 0xaa, 0x12, 0x33, 0x8e, 0x0, 0x0,
    0x0, 0x0, 0x9f, 0xfe, 0xdc, 0xcb, 0x10, 0x0,
    0x0, 0x0, 0x48, 0x23, 0x45, 0x56, 0x79, 0x30,
    0x1, 0xff, 0xff, 0xff, 0xfe, 0xdd, 0xcb, 0x60,
    0x0, 0x23, 0x76, 0x17, 0xd0, 0x2, 0x0, 0x0,
    0x0, 0x0, 0xad, 0x7, 0xff, 0xff, 0x90, 0x0,
    0x0, 0x2, 0xf7, 0x7, 0xd3, 0x21, 0x0, 0x0,
    0x0, 0xb, 0xff, 0xba, 0xc0, 0x0, 0x0, 0x0,
    0x0, 0x6e, 0x25, 0xcf, 0xf8, 0x40, 0x0, 0x0,
    0x4, 0xe3, 0x0, 0x2, 0x7c, 0xff, 0xdb, 0x97,
    0x1b, 0x20, 0x0, 0x0, 0x0, 0x4, 0x79, 0xb7,

    /* U+6821 "校" */
    0x0, 0x7, 0x40, 0x0, 0x5, 0xb0, 0x0, 0x0,
    0x0, 0x9, 0xb0, 0x0, 0x3, 0xf1, 0x0, 0x0,
    0x0, 0x8, 0xa0, 0x0, 0x4, 0xf4, 0x45, 0x20,
    0x0, 0x9, 0xa0, 0xdf, 0xff, 0xff, 0xed, 0xb0,
    0x7, 0x7c, 0xec, 0x93, 0x73, 0x5, 0x70, 0x0,
    0xe, 0xff, 0xeb, 0x70, 0xe9, 0x4, 0xf9, 0x0,
    0x0, 0x1f, 0xa0, 0xa, 0xc0, 0x0, 0x4f, 0x80,
    0x0, 0x7f, 0xf7, 0x69, 0x63, 0x8, 0x75, 0x70,
    0x0, 0xee, 0xbf, 0x40, 0x9d, 0x1e, 0x90, 0x0,
    0x6, 0xca, 0x93, 0x10, 0x1f, 0xee, 0x10, 0x0,
    0xd, 0x2a, 0x90, 0x0, 0x8, 0xf8, 0x0, 0x0,
    0x54, 0xa, 0x90, 0x0, 0x3f, 0xdf, 0x50, 0x0,
    0x0, 0xa, 0x90, 0x4, 0xf8, 0x9, 0xf7, 0x0,
    0x0, 0xb, 0x80, 0x8e, 0x50, 0x0, 0x6f, 0xd3,
    0x0, 0xa, 0x8c, 0x81, 0x0, 0x0, 0x3, 0xb4,

    /* U+6B65 "步" */
    0x0, 0x0, 0x0, 0x2, 0x0, 0x0, 0x0, 0x0,
    0x0, 0x0, 0x0, 0xb, 0xa0, 0x0, 0x0, 0x0,
    0x0, 0x0, 0x10, 0x9, 0xb0, 0x1, 0x0, 0x0,
    0x0, 0x0, 0xe7, 0x9, 0xff, 0xff, 0x40, 0x0,
    0x0, 0x0, 0xb9, 0x9, 0xc4, 0x32, 0x0, 0x0,
    0x0, 0x0, 0xa9, 0x9, 0xb1, 0x23, 0x46, 0x70,
    0xc, 0xef, 0xfd, 0xbe, 0xfe, 0xdd, 0xcb, 0xa1,
    0x3, 0x44, 0x53, 0x19, 0xb0, 0x0, 0x0, 0x0,
    0x0, 0x0, 0xbb, 0x8, 0xc0, 0xc, 0x60, 0x0,
    0x0, 0x5, 0xf5, 0x9, 0xc0, 0x3f, 0x80, 0x0,
    0x0, 0x3e, 0x50, 0x9, 0xc1, 0xdd, 0x0, 0x0,
    0x1, 0xc3, 0x0, 0x0, 0x5d, 0xe1, 0x0, 0x0,
    0x0, 0x0, 0x0, 0x6, 0xfc, 0x10, 0x0, 0x0,
    0x0, 0x0, 0x4, 0xcf, 0x80, 0x0, 0x0, 0x0,
    0x0, 0x27, 0xce, 0x81, 0x0, 0x0, 0x0, 0x0,
    0xc, 0xc9, 0x40, 0x0, 0x0, 0x0, 0x0, 0x0,

    /* U+6C14 "气" */
    0x0, 0x0, 0x0, 0x0, 0x0, 0x0, 0x0, 0x0,
    0x0, 0x0, 0x99, 0x0, 0x0, 0x0, 0x0, 0x0,
    0x0, 0x0, 0xea, 0x0, 0x13, 0x45, 0x64, 0x0,
    0x0, 0x6, 0xff, 0xff, 0xff, 0xed, 0xca, 0x0,
    0x0, 0x2f, 0x63, 0x21, 0x12, 0x44, 0x0, 0x0,
    0x1, 0xd7, 0xbe, 0xff, 0xff, 0xfe, 0x20, 0x0,
    0xb, 0x80, 0x15, 0x43, 0x10, 0x0, 0x0, 0x0,
    0x3, 0x21, 0x23, 0x46, 0x78, 0x99, 0x30, 0x0,
    0x0, 0xbf, 0xff, 0xed, 0xcb, 0xaf, 0x80, 0x0,
    0x0, 0x1, 0x0, 0x0, 0x0, 0xe, 0x60, 0x0,
    0x0, 0x0, 0x0, 0x0, 0x0, 0xe, 0x70, 0x0,
    0x0, 0x0, 0x0, 0x0, 0x0, 0xd, 0x80, 0x26,
    0x0, 0x0, 0x0, 0x0, 0x0, 0xa, 0xb0, 0x69,
    0x0, 0x0, 0x0, 0x0, 0x0, 0x5, 0xf2, 0xa8,
    0x0, 0x0, 0x0, 0x0, 0x0, 0x0, 0xce, 0xf6,
    0x0, 0x0, 0x0, 0x0, 0x0, 0x0, 0x1b, 0xe1,

    /* U+6C27 "氧" */
    0x0, 0x0, 0x70, 0x0, 0x0, 0x0, 0x0, 0x0,
    0x0, 0x3, 0xf4, 0x0, 0x0, 0x1, 0x22, 0x0,
    0x0, 0xa, 0xfb, 0xcd, 0xef, 0xff, 0xed, 0x0,
    0x0, 0x3f, 0x65, 0x43, 0x22, 0x23, 0x0, 0x0,
    0x0, 0xd7, 0x6d, 0xde, 0xff, 0xfe, 0x30, 0x0,
    0x9, 0x90, 0x3, 0x44, 0x44, 0x55, 0x0, 0x0,
    0x27, 0x7e, 0xff, 0xff, 0xed, 0xcf, 0x50, 0x0,
    0x0, 0x7, 0x91, 0x3b, 0x0, 0xf, 0x40, 0x0,
    0x0, 0x1, 0xe4, 0x9b, 0x0, 0x1f, 0x30, 0x0,
    0x0, 0xcf, 0xfd, 0xec, 0xb6, 0x1f, 0x30, 0x0,
    0x0, 0x2, 0x2d, 0x84, 0x50, 0xf, 0x40, 0x0,
    0x0, 0x3d, 0xdf, 0xdb, 0xa2, 0xd, 0x70, 0x3,
    0xa, 0xbb, 0xcf, 0xee, 0xef, 0xa9, 0xd0, 0xc,
    0x3, 0x54, 0x3e, 0x72, 0x10, 0x3, 0xf4, 0x4c,
    0x0, 0x0, 0xe, 0x60, 0x0, 0x0, 0x9e, 0xc9,
    0x0, 0x0, 0xc, 0x50, 0x0, 0x0, 0x9, 0xf4,

    /* U+6D77 "海" */
    0x0, 0x0, 0x0, 0x1, 0x0, 0x0, 0x0, 0x0,
    0x0, 0x50, 0x0, 0xf, 0x60, 0x0, 0x0, 0x0,
    0x2, 0xfa, 0x0, 0x4f, 0x40, 0x23, 0x46, 0x0,
    0x0, 0x2e, 0xa0, 0xbf, 0xff, 0xff, 0xed, 0x60,
    0x0, 0x3, 0x63, 0xf4, 0x21, 0x0, 0x10, 0x0,
    0x2b, 0x20, 0xb, 0xde, 0xde, 0xff, 0xfa, 0x0,
    0xb, 0xf5, 0x47, 0xac, 0x7d, 0x63, 0xba, 0x0,
    0x0, 0x8f, 0x0, 0xc8, 0x1a, 0xf1, 0xb9, 0x0,
    0x0, 0x1, 0x46, 0xeb, 0x99, 0xcb, 0xee, 0xe9,
    0x0, 0x7, 0x3a, 0xfa, 0xba, 0x76, 0xe9, 0x42,
    0x0, 0x2e, 0x3, 0xf1, 0x5f, 0x90, 0xf5, 0x0,
    0x0, 0xb9, 0x6, 0xf3, 0x47, 0xb7, 0xf9, 0x80,
    0x4, 0xf3, 0x7, 0xff, 0xed, 0xdd, 0xfb, 0xa2,
    0x2e, 0xb0, 0x0, 0x0, 0x35, 0x17, 0xe0, 0x0,
    0x6, 0x10, 0x0, 0x0, 0x1d, 0xff, 0xb0, 0x0,
    0x0, 0x0, 0x0, 0x0, 0x0, 0x9e, 0x30, 0x0,

    /* U+6E29 "温" */
    0x0, 0x52, 0x0, 0x30, 0x1, 0x12, 0x30, 0x0,
    0x0, 0xa, 0xf4, 0xc, 0xff, 0xff, 0xff, 0x80,
    0x0, 0x0, 0xa, 0xf3, 0x9d, 0x21, 0x0, 0xd7,
    0x0, 0x0, 0x0, 0x8, 0x27, 0xfc, 0xde, 0xff,
    0x50, 0x0, 0xd, 0x40, 0x0, 0x6f, 0x54, 0x33,
    0xf4, 0x0, 0x0, 0xaf, 0x60, 0x5, 0xf1, 0x23,
    0x5f, 0x30, 0x0, 0x0, 0x8f, 0x20, 0x4f, 0xff,
    0xfe, 0xd5, 0x0, 0x0, 0x0, 0x40, 0x12, 0x91,
    0x1, 0x23, 0x30, 0x0, 0x0, 0x0, 0xc7, 0xff,
    0xff, 0xff, 0xff, 0x80, 0x0, 0x0, 0x89, 0x4f,
    0x3d, 0x85, 0xe0, 0xe7, 0x0, 0x0, 0x1f, 0x33,
    0xf1, 0xc8, 0x5e, 0xf, 0x60, 0x0, 0xa, 0xb0,
    0x2f, 0x2c, 0x85, 0xd0, 0xf4, 0x0, 0x6, 0xf3,
    0x45, 0xf7, 0xdb, 0x9e, 0x7f, 0xa6, 0x0, 0xda,
    0xb, 0xff, 0xee, 0xed, 0xdd, 0xcc, 0xb0, 0x0,
    0x0, 0x0, 0x0, 0x0, 0x0, 0x0, 0x0, 0x0,

    /* U+6E7F "湿" */
    0x0, 0x0, 0x0, 0x0, 0x0, 0x0, 0x0, 0x0,
    0x3, 0xf5, 0x6, 0xdb, 0xcd, 0xef, 0xfa, 0x0,
    0x0, 0x6f, 0x72, 0xf8, 0x65, 0x43, 0xba, 0x0,
    0x0, 0x6, 0xc1, 0xfb, 0xab, 0xcd, 0xf8, 0x0,
    0x28, 0x0, 0x0, 0xfa, 0x65, 0x54, 0xf5, 0x0,
    0x2d, 0xe3, 0x0, 0xda, 0x78, 0x9a, 0xf6, 0x0,
    0x0, 0xaf, 0x0, 0xcd, 0xa9, 0x87, 0x73, 0x0,
    0x0, 0x1, 0x40, 0x3, 0x70, 0xb5, 0x0, 0x0,
    0x0, 0x6, 0x83, 0x32, 0xf3, 0xb9, 0xd, 0x40,
    0x0, 0xe, 0x38, 0xd1, 0xf4, 0xc8, 0x2f, 0x40,
    0x0, 0x7d, 0x1, 0xf6, 0xf4, 0xc8, 0xa9, 0x0,
    0x2, 0xf5, 0x0, 0x87, 0xf4, 0xc8, 0x80, 0x0,
    0xb, 0xd0, 0x21, 0x22, 0xf7, 0xd9, 0x45, 0x72,
    0x2b, 0x40, 0xdf, 0xff, 0xff, 0xff, 0xee, 0xd8,
    0x0, 0x0, 0x2, 0x21, 0x0, 0x0, 0x0, 0x0,

    /* U+7387 "率" */
    0x0, 0x0, 0x0, 0x3, 0x0, 0x0, 0x0, 0x0,
    0x0, 0x0, 0x0, 0xc, 0xa0, 0x0, 0x0, 0x0,
    0x0, 0x11, 0x23, 0x4c, 0xd9, 0xab, 0xce, 0x30,
    0x3, 0xff, 0xfe, 0xde, 0xdb, 0xa9, 0xb8, 0x20,
    0x0, 0x76, 0x0, 0xd, 0x86, 0x0, 0xd9, 0x0,
    0x0, 0x4f, 0x86, 0xcb, 0x4f, 0x3c, 0xa1, 0x0,
    0x0, 0x3, 0x82, 0x9c, 0xd6, 0x23, 0x0, 0x0,
    0x0, 0x0, 0x79, 0x1e, 0x8d, 0x2e, 0x80, 0x0,
    0x0, 0x1a, 0xd5, 0xce, 0x9f, 0xa2, 0xdc, 0x10,
    0x1, 0xed, 0x17, 0xce, 0x94, 0xe0, 0x19, 0x10,
    0x0, 0x0, 0x1, 0x1a, 0xc3, 0x44, 0x55, 0x71,
    0x1f, 0xff, 0xff, 0xff, 0xfe, 0xdd, 0xcc, 0xb4,
    0x0, 0x21, 0x10, 0x9, 0xc0, 0x0, 0x0, 0x0,
    0x0, 0x0, 0x0, 0x9, 0xc0, 0x0, 0x0, 0x0,
    0x0, 0x0, 0x0, 0x9, 0xc0, 0x0, 0x0, 0x0,
    0x0, 0x0, 0x0, 0x6, 0xa0, 0x0, 0x0, 0x0,

    /* U+75B2 "疲" */
    0x0, 0x0, 0x0, 0x0, 0x31, 0x0, 0x0, 0x0,
    0x0, 0x0, 0x0, 0x0, 0x9d, 0x0, 0x0, 0x0,
    0x0, 0x0, 0x0, 0x0, 0x7e, 0x0, 0x4, 0x30,
    0x0, 0x6, 0xa9, 0xaa, 0xdf, 0xaa, 0xab, 0x70,
    0x2, 0x5, 0xf3, 0x21, 0xd, 0x50, 0x0, 0x0,
    0xc, 0x95, 0xf1, 0x40, 0x1d, 0xa3, 0x43, 0x0,
    0x4, 0xf9, 0xf0, 0xff, 0xef, 0xec, 0xdf, 0x20,
    0x0, 0x99, 0xe0, 0xf5, 0xd, 0x70, 0xc4, 0x0,
    0x0, 0xa, 0xd0, 0xf8, 0x6e, 0xb9, 0xa0, 0x0,
    0x17, 0xef, 0xb1, 0xfc, 0xba, 0x9b, 0xf3, 0x0,
    0x5d, 0x5e, 0x73, 0xf0, 0xe4, 0xc, 0xc0, 0x0,
    0x0, 0x2f, 0x36, 0xc0, 0x8e, 0x9f, 0x30, 0x0,
    0x0, 0x7d, 0xb, 0x70, 0xc, 0xf8, 0x0, 0x0,
    0x0, 0xd6, 0x2e, 0x10, 0x6f, 0xef, 0x60, 0x0,
    0x5, 0xd0, 0xa7, 0x1a, 0xe5, 0x9, 0xfc, 0x50,
    0x8, 0x22, 0x94, 0xd7, 0x0, 0x0, 0x4c, 0xf2,
    0x0, 0x0, 0x0, 0x0, 0x0, 0x0, 0x0, 0x10,

    /* U+7F29 "缩" */
    0x0, 0x0, 0x0, 0x0, 0x0, 0x10, 0x0, 0x0,
    0x0, 0x6, 0x80, 0x0, 0x0, 0xf5, 0x0, 0x0,
    0x0, 0x9, 0xa0, 0x7, 0x0, 0xd6, 0x1, 0x10,
    0x0, 0x1f, 0x32, 0x3f, 0xcd, 0xff, 0xff, 0xf3,
    0x0, 0x9a, 0x2d, 0x7d, 0x54, 0x32, 0x16, 0xc0,
    0xb, 0xf2, 0x8d, 0xc8, 0x75, 0x0, 0x7, 0x30,
    0x5, 0xee, 0xf5, 0x42, 0xeb, 0xcd, 0xef, 0xf3,
    0x0, 0xc, 0xc0, 0x6, 0xb1, 0x5c, 0xb2, 0x10,
    0x0, 0x2f, 0x30, 0x1e, 0x62, 0x1e, 0x72, 0x0,
    0x5, 0xbf, 0xda, 0xaf, 0x59, 0xff, 0xef, 0xa0,
    0x6, 0xb6, 0x14, 0x9c, 0x56, 0xc0, 0xa, 0x90,
    0x0, 0x0, 0x19, 0x4c, 0x56, 0xfe, 0xff, 0x70,
    0x0, 0x29, 0xe6, 0xc, 0x55, 0xd1, 0xc, 0x60,
    0x2c, 0xfc, 0x20, 0xd, 0x55, 0xe2, 0x3d, 0x50,
    0x9, 0x50, 0x0, 0xd, 0x54, 0xfe, 0xed, 0x70,
    0x0, 0x0, 0x0, 0xb, 0x53, 0xd0, 0x0, 0x0,
    0x0, 0x0, 0x0, 0x0, 0x0, 0x0, 0x0, 0x0,

    /* U+8212 "舒" */
    0x0, 0x0, 0xa4, 0x0, 0x0, 0x0, 0x10, 0x0,
    0x0, 0x2, 0xf9, 0x2, 0xde, 0xff, 0xfd, 0x0,
    0x0, 0xa, 0xef, 0x60, 0x55, 0x46, 0xf6, 0x0,
    0x0, 0x4f, 0x46, 0xf7, 0xb, 0x6d, 0xa0, 0x0,
    0x1, 0xed, 0x57, 0xbf, 0x14, 0xfe, 0x0, 0x0,
    0xa, 0xdc, 0xfc, 0x66, 0x44, 0xbf, 0x77, 0x70,
    0x6d, 0x21, 0xe8, 0x56, 0xcc, 0xde, 0x9c, 0xf2,
    0x75, 0xff, 0xfe, 0xda, 0x0, 0x7d, 0x1e, 0x40,
    0x0, 0x10, 0xf5, 0x0, 0x0, 0x7d, 0x44, 0x0,
    0x0, 0xed, 0xff, 0xf7, 0x0, 0x7d, 0x0, 0x0,
    0x0, 0xca, 0x43, 0xd7, 0x0, 0x7d, 0x0, 0x0,
    0x0, 0xb8, 0x0, 0xe5, 0x0, 0x7d, 0x0, 0x0,
    0x0, 0xae, 0xde, 0xf6, 0x95, 0x7d, 0x0, 0x0,
    0x0, 0x7b, 0x43, 0x30, 0x4f, 0xfe, 0x0, 0x0,
    0x0, 0x0, 0x0, 0x0, 0x2, 0xca, 0x0, 0x0,

    /* U+8840 "血" */
    0x0, 0x0, 0x0, 0x7, 0x0, 0x0, 0x0, 0x0,
    0x0, 0x0, 0x0, 0x3f, 0x50, 0x0, 0x0, 0x0,
    0x0, 0x0, 0x0, 0x9e, 0x0, 0x0, 0x0, 0x0,
    0x0, 0x0, 0x2, 0xf5, 0x0, 0x0, 0x0, 0x0,
    0x0, 0x46, 0x4b, 0xe7, 0x89, 0xab, 0xc6, 0x0,
    0x0, 0x6f, 0xfe, 0xfd, 0xcf, 0xb9, 0xeb, 0x0,
    0x0, 0x4f, 0x11, 0xf3, 0xf, 0x40, 0xc9, 0x0,
    0x0, 0x3f, 0x21, 0xf3, 0xf, 0x40, 0xd8, 0x0,
    0x0, 0x2f, 0x30, 0xf4, 0x1f, 0x30, 0xe6, 0x0,
    0x0, 0x1f, 0x40, 0xf4, 0x1f, 0x30, 0xf5, 0x0,
    0x0, 0xf, 0x40, 0xf4, 0x2f, 0x21, 0xf3, 0x0,
    0x2, 0x2f, 0x84, 0xf8, 0x7f, 0x88, 0xfa, 0xa3,
    0x2f, 0xff, 0xff, 0xff, 0xfe, 0xdd, 0xcc, 0xb7,
    0x1, 0x21, 0x10, 0x0, 0x0, 0x0, 0x0, 0x0,

    /* U+F001 "" */
    0x0, 0x0, 0x0, 0x0, 0x0, 0x0, 0x0, 0x0,
    0x0, 0x0, 0x0, 0x0, 0x0, 0x0, 0x49, 0xdc,
    0x0, 0x0, 0x0, 0x0, 0x16, 0xbf, 0xff, 0xff,
    0x0, 0x0, 0x3, 0x8d, 0xff, 0xff, 0xff, 0xff,
    0x0, 0x0, 0xcf, 0xff, 0xff, 0xff, 0xff, 0xff,
    0x0, 0x0, 0xff, 0xff, 0xff, 0xff, 0xc7, 0xff,
    0x0, 0x0, 0xff, 0xff, 0xfa, 0x51, 0x0, 0xff,
    0x0, 0x0, 0xff, 0x84, 0x0, 0x0, 0x0, 0xff,
    0x0, 0x0, 0xff, 0x0, 0x0, 0x0, 0x0, 0xff,
    0x0, 0x0, 0xff, 0x0, 0x0, 0x0, 0x0, 0xff,
    0x0, 0x0, 0xff, 0x0, 0x0, 0x0, 0x0, 0xff,
    0x0, 0x0, 0xff, 0x0, 0x0, 0x2b, 0xee, 0xff,
    0x0, 0x0, 0xff, 0x0, 0x0, 0xdf, 0xff, 0xff,
    0x2b, 0xee, 0xff, 0x0, 0x0, 0xdf, 0xff, 0xfd,
    0xdf, 0xff, 0xff, 0x0, 0x0, 0x2b, 0xff, 0xb2,
    0xdf, 0xff, 0xfd, 0x0, 0x0, 0x0, 0x0, 0x0,
    0x2b, 0xff, 0xb2, 0x0, 0x0, 0x0, 0x0, 0x0,

    /* U+F008 "" */
    0xd0, 0xf, 0xff, 0xff, 0xff, 0xff, 0xf0, 0xd,
    0xff, 0xff, 0xc8, 0x88, 0x88, 0x8c, 0xff, 0xff,
    0xf0, 0xf, 0x80, 0x0, 0x0, 0x8, 0xf0, 0xf,
    0xf0, 0xf, 0x80, 0x0, 0x0, 0x8, 0xf0, 0xf,
    0xff, 0xff, 0x80, 0x0, 0x0, 0x8, 0xff, 0xff,
    0xf0, 0xf, 0xec, 0xcc, 0xcc, 0xce, 0xf0, 0xf,
    0xf0, 0xf, 0xec, 0xcc, 0xcc, 0xce, 0xf0, 0xf,
    0xff, 0xff, 0x80, 0x0, 0x0, 0x8, 0xff, 0xff,
    0xf0, 0xf, 0x80, 0x0, 0x0, 0x8, 0xf0, 0xf,
    0xf0, 0xf, 0x80, 0x0, 0x0, 0x8, 0xf0, 0xf,
    0xff, 0xff, 0xc8, 0x88, 0x88, 0x8c, 0xff, 0xff,
    0xd0, 0xf, 0xff, 0xff, 0xff, 0xff, 0xf0, 0xd,

    /* U+F00B "" */
    0xdf, 0xff, 0x73, 0xff, 0xff, 0xff, 0xff, 0xfd,
    0xff, 0xff, 0xa5, 0xff, 0xff, 0xff, 0xff, 0xff,
    0xff, 0xff, 0xa5, 0xff, 0xff, 0xff, 0xff, 0xff,
    0xdf, 0xff, 0x73, 0xff, 0xff, 0xff, 0xff, 0xfd,
    0x0, 0x0, 0x0, 0x0, 0x0, 0x0, 0x0, 0x0,
    0xdf, 0xff, 0x73, 0xff, 0xff, 0xff, 0xff, 0xfd,
    0xff, 0xff, 0xa5, 0xff, 0xff, 0xff, 0xff, 0xff,
    0xff, 0xff, 0xa5, 0xff, 0xff, 0xff, 0xff, 0xff,
    0xdf, 0xff, 0x73, 0xff, 0xff, 0xff, 0xff, 0xfd,
    0x0, 0x0, 0x0, 0x0, 0x0, 0x0, 0x0, 0x0,
    0xdf, 0xff, 0x73, 0xff, 0xff, 0xff, 0xff, 0xfd,
    0xff, 0xff, 0xa5, 0xff, 0xff, 0xff, 0xff, 0xff,
    0xff, 0xff, 0xa5, 0xff, 0xff, 0xff, 0xff, 0xff,
    0xdf, 0xff, 0x73, 0xff, 0xff, 0xff, 0xff, 0xfd,

    /* U+F00C "" */
    0x0, 0x0, 0x0, 0x0, 0x0, 0x0, 0xa, 0xb1,
    0x0, 0x0, 0x0, 0x0, 0x0, 0x0, 0xbf, 0xfc,
    0x0, 0x0, 0x0, 0x0, 0x0, 0xb, 0xff, 0xfb,
    0x0, 0x0, 0x0, 0x0, 0x0, 0xbf, 0xff, 0xc0,
    0x1b, 0xa0, 0x0, 0x0, 0xb, 0xff, 0xfc, 0x0,
    0xcf, 0xfb, 0x0, 0x0, 0xbf, 0xff, 0xc0, 0x0,
    0xbf, 0xff, 0xb0, 0xb, 0xff, 0xfc, 0x0, 0x0,
    0xc, 0xff, 0xfb, 0xbf, 0xff, 0xc0, 0x0, 0x0,
    0x0, 0xcf, 0xff, 0xff, 0xfb, 0x0, 0x0, 0x0,
    0x0, 0xc, 0xff, 0xff, 0xb0, 0x0, 0x0, 0x0,
    0x0, 0x0, 0xbf, 0xfb, 0x0, 0x0, 0x0, 0x0,
    0x0, 0x0, 0xb, 0xb0, 0x0, 0x0, 0x0, 0x0,

    /* U+F00D "" */
    0x3, 0x0, 0x0, 0x0, 0x3, 0x8, 0xfc, 0x10,
    0x0, 0x1c, 0xf8, 0xff, 0xfc, 0x10, 0x1c, 0xff,
    0xf5, 0xff, 0xfc, 0x2c, 0xff, 0xf5, 0x5, 0xff,
    0xff, 0xff, 0xf5, 0x0, 0x5, 0xff, 0xff, 0xf5,
    0x0, 0x0, 0x1d, 0xff, 0xfd, 0x10, 0x0, 0x1c,
    0xff, 0xff, 0xfc, 0x10, 0x1c, 0xff, 0xf9, 0xff,
    0xfc, 0x1c, 0xff, 0xf5, 0x5, 0xff, 0xfc, 0xdf,
    0xf5, 0x0, 0x5, 0xff, 0xd1, 0xa4, 0x0, 0x0,
    0x4, 0xa1,

    /* U+F011 "" */
    0x0, 0x0, 0x0, 0x4f, 0xe0, 0x0, 0x0, 0x0,
    0x0, 0x2, 0x10, 0x6f, 0xf1, 0x3, 0x10, 0x0,
    0x0, 0x5f, 0xd0, 0x6f, 0xf1, 0x3f, 0xd1, 0x0,
    0x3, 0xff, 0xf1, 0x6f, 0xf1, 0x5f, 0xfd, 0x0,
    0xd, 0xff, 0x40, 0x6f, 0xf1, 0x9, 0xff, 0x70,
    0x4f, 0xf7, 0x0, 0x6f, 0xf1, 0x0, 0xcf, 0xe0,
    0x9f, 0xf0, 0x0, 0x6f, 0xf1, 0x0, 0x5f, 0xf3,
    0xbf, 0xc0, 0x0, 0x6f, 0xf1, 0x0, 0x2f, 0xf5,
    0xbf, 0xc0, 0x0, 0x4f, 0xe0, 0x0, 0x1f, 0xf6,
    0xaf, 0xe0, 0x0, 0x0, 0x0, 0x0, 0x4f, 0xf4,
    0x6f, 0xf4, 0x0, 0x0, 0x0, 0x0, 0xaf, 0xf0,
    0xf, 0xfe, 0x10, 0x0, 0x0, 0x5, 0xff, 0xa0,
    0x6, 0xff, 0xd3, 0x0, 0x0, 0x7f, 0xff, 0x20,
    0x0, 0x9f, 0xff, 0xda, 0xbe, 0xff, 0xf4, 0x0,
    0x0, 0x6, 0xff, 0xff, 0xff, 0xfd, 0x30, 0x0,
    0x0, 0x0, 0x17, 0xbd, 0xca, 0x50, 0x0, 0x0,

    /* U+F013 "" */
    0x0, 0x0, 0x0, 0x8b, 0xb8, 0x0, 0x0, 0x0,
    0x0, 0x0, 0x0, 0xff, 0xff, 0x0, 0x0, 0x0,
    0x0, 0x30, 0x6, 0xff, 0xff, 0x60, 0x3, 0x0,
    0x4, 0xfd, 0xdf, 0xff, 0xff, 0xfd, 0xef, 0x40,
    0xd, 0xff, 0xff, 0xff, 0xff, 0xff, 0xff, 0xd0,
    0x4f, 0xff, 0xff, 0xf9, 0x9f, 0xff, 0xff, 0xf4,
    0x8, 0xff, 0xff, 0x20, 0x2, 0xff, 0xff, 0x80,
    0x0, 0xff, 0xf9, 0x0, 0x0, 0x9f, 0xff, 0x0,
    0x0, 0xff, 0xf9, 0x0, 0x0, 0x9f, 0xff, 0x0,
    0x8, 0xff, 0xff, 0x20, 0x2, 0xff, 0xff, 0x80,
    0x4f, 0xff, 0xff, 0xf9, 0x9f, 0xff, 0xff, 0xf4,
    0xd, 0xff, 0xff, 0xff, 0xff, 0xff, 0xff, 0xd0,
    0x4, 0xfe, 0xdf, 0xff, 0xff, 0xfd, 0xdf, 0x40,
    0x0, 0x30, 0x6, 0xff, 0xff, 0x60, 0x3, 0x0,
    0x0, 0x0, 0x0, 0xff, 0xff, 0x0, 0x0, 0x0,
    0x0, 0x0, 0x0, 0x8b, 0xb8, 0x0, 0x0, 0x0,

    /* U+F015 "" */
    0x0, 0x0, 0x0, 0x3, 0xdd, 0x30, 0x3f, 0xf3,
    0x0, 0x0, 0x0, 0x0, 0x6f, 0xff, 0xf5, 0x4f,
    0xf4, 0x0, 0x0, 0x0, 0x9, 0xff, 0x99, 0xff,
    0xbf, 0xf4, 0x0, 0x0, 0x1, 0xbf, 0xf6, 0x22,
    0x6f, 0xff, 0xf4, 0x0, 0x0, 0x2d, 0xfe, 0x35,
    0xff, 0x53, 0xef, 0xf4, 0x0, 0x4, 0xff, 0xc1,
    0x8f, 0xff, 0xf8, 0x1c, 0xfe, 0x40, 0x7f, 0xfa,
    0x1a, 0xff, 0xff, 0xff, 0xa1, 0xaf, 0xf7, 0xcf,
    0x82, 0xdf, 0xff, 0xff, 0xff, 0xfd, 0x28, 0xfc,
    0x14, 0xe, 0xff, 0xff, 0xff, 0xff, 0xff, 0xe0,
    0x41, 0x0, 0xf, 0xff, 0xff, 0xff, 0xff, 0xff,
    0xf0, 0x0, 0x0, 0xf, 0xff, 0xf9, 0x0, 0x8f,
    0xff, 0xf0, 0x0, 0x0, 0xf, 0xff, 0xf8, 0x0,
    0x8f, 0xff, 0xf0, 0x0, 0x0, 0xf, 0xff, 0xf8,
    0x0, 0x8f, 0xff, 0xf0, 0x0, 0x0, 0xe, 0xff,
    0xf6, 0x0, 0x6f, 0xff, 0xe0, 0x0,

    /* U+F019 "" */
    0x0, 0x0, 0x0, 0xdf, 0xfd, 0x0, 0x0, 0x0,
    0x0, 0x0, 0x0, 0xff, 0xff, 0x0, 0x0, 0x0,
    0x0, 0x0, 0x0, 0xff, 0xff, 0x0, 0x0, 0x0,
    0x0, 0x0, 0x0, 0xff, 0xff, 0x0, 0x0, 0x0,
    0x0, 0x0, 0x0, 0xff, 0xff, 0x0, 0x0, 0x0,
    0x0, 0x0, 0x0, 0xff, 0xff, 0x0, 0x0, 0x0,
    0x0, 0x4f, 0xff, 0xff, 0xff, 0xff, 0xf4, 0x0,
    0x0, 0xb, 0xff, 0xff, 0xff, 0xff, 0xb0, 0x0,
    0x0, 0x0, 0xbf, 0xff, 0xff, 0xfb, 0x0, 0x0,
    0x0, 0x0, 0xb, 0xff, 0xff, 0xb0, 0x0, 0x0,
    0x0, 0x0, 0x0, 0xbf, 0xfb, 0x0, 0x0, 0x0,
    0xdf, 0xff, 0xfc, 0x1b, 0xb1, 0xcf, 0xff, 0xfd,
    0xff, 0xff, 0xff, 0xc2, 0x2c, 0xff, 0xff, 0xff,
    0xff, 0xff, 0xff, 0xff, 0xff, 0xff, 0xff, 0xff,
    0xff, 0xff, 0xff, 0xff, 0xff, 0xf0, 0xe0, 0xff,
    0xdf, 0xff, 0xff, 0xff, 0xff, 0xff, 0xff, 0xfd,

    /* U+F01C "" */
    0x0, 0x4, 0xef, 0xff, 0xff, 0xff, 0xfe, 0x40,
    0x0, 0x0, 0x1e, 0xff, 0xff, 0xff, 0xff, 0xff,
    0xe1, 0x0, 0x0, 0xaf, 0xb0, 0x0, 0x0, 0x0,
    0xb, 0xfa, 0x0, 0x5, 0xff, 0x10, 0x0, 0x0,
    0x0, 0x1, 0xff, 0x50, 0x1e, 0xf6, 0x0, 0x0,
    0x0, 0x0, 0x0, 0x6f, 0xe1, 0xaf, 0xb0, 0x0,
    0x0, 0x0, 0x0, 0x0, 0xb, 0xfa, 0xff, 0xff,
    0xff, 0x70, 0x0, 0x8, 0xff, 0xff, 0xff, 0xff,
    0xff, 0xff, 0xe0, 0x0, 0xf, 0xff, 0xff, 0xff,
    0xff, 0xff, 0xff, 0xff, 0xff, 0xff, 0xff, 0xff,
    0xff, 0xff, 0xff, 0xff, 0xff, 0xff, 0xff, 0xff,
    0xff, 0xff, 0xff, 0xff, 0xff, 0xff, 0xff, 0xff,
    0xff, 0xff, 0xff, 0x8f, 0xff, 0xff, 0xff, 0xff,
    0xff, 0xff, 0xff, 0xf8,

    /* U+F021 "" */
    0x0, 0x0, 0x6, 0xbd, 0xda, 0x50, 0x2, 0xff,
    0x0, 0x5, 0xef, 0xff, 0xff, 0xfe, 0x42, 0xff,
    0x0, 0x7f, 0xff, 0xa7, 0x7b, 0xff, 0xf9, 0xff,
    0x5, 0xff, 0xc1, 0x0, 0x0, 0x2c, 0xff, 0xff,
    0xe, 0xfc, 0x0, 0x0, 0x2, 0x22, 0xdf, 0xff,
    0x5f, 0xf2, 0x0, 0x0, 0xf, 0xff, 0xff, 0xff,
    0x8f, 0xb0, 0x0, 0x0, 0xf, 0xff, 0xff, 0xff,
    0x0, 0x0, 0x0, 0x0, 0x0, 0x0, 0x0, 0x0,
    0x0, 0x0, 0x0, 0x0, 0x0, 0x0, 0x0, 0x0,
    0xff, 0xff, 0xff, 0xf0, 0x0, 0x0, 0xb, 0xf8,
    0xff, 0xff, 0xff, 0xf0, 0x0, 0x0, 0x2f, 0xf4,
    0xff, 0xfd, 0x22, 0x20, 0x0, 0x0, 0xcf, 0xe0,
    0xff, 0xff, 0xc2, 0x0, 0x0, 0x2c, 0xff, 0x40,
    0xff, 0x9f, 0xff, 0xb7, 0x6a, 0xff, 0xf7, 0x0,
    0xff, 0x24, 0xdf, 0xff, 0xff, 0xfe, 0x50, 0x0,
    0xff, 0x20, 0x5, 0xac, 0xdb, 0x60, 0x0, 0x0,

    /* U+F026 "" */
    0x0, 0x0, 0x0, 0x0, 0x0, 0x0, 0x0, 0x8d,
    0x0, 0x0, 0x8, 0xff, 0x0, 0x0, 0x8f, 0xff,
    0xdf, 0xff, 0xff, 0xff, 0xff, 0xff, 0xff, 0xff,
    0xff, 0xff, 0xff, 0xff, 0xff, 0xff, 0xff, 0xff,
    0xff, 0xff, 0xff, 0xff, 0xdf, 0xff, 0xff, 0xff,
    0x0, 0x0, 0x9f, 0xff, 0x0, 0x0, 0x9, 0xff,
    0x0, 0x0, 0x0, 0x8d, 0x0, 0x0, 0x0, 0x0,

    /* U+F027 "" */
    0x0, 0x0, 0x0, 0x0, 0x0, 0x0, 0x0, 0x0,
    0x0, 0x8d, 0x0, 0x0, 0x0, 0x0, 0x8, 0xff,
    0x0, 0x0, 0x0, 0x0, 0x8f, 0xff, 0x0, 0x0,
    0xcf, 0xff, 0xff, 0xff, 0x1, 0x50, 0xff, 0xff,
    0xff, 0xff, 0x6, 0xf7, 0xff, 0xff, 0xff, 0xff,
    0x0, 0xbe, 0xff, 0xff, 0xff, 0xff, 0x0, 0xae,
    0xff, 0xff, 0xff, 0xff, 0x5, 0xf8, 0xdf, 0xff,
    0xff, 0xff, 0x2, 0x60, 0x0, 0x0, 0x9f, 0xff,
    0x0, 0x0, 0x0, 0x0, 0x9, 0xff, 0x0, 0x0,
    0x0, 0x0, 0x0, 0x9e, 0x0, 0x0, 0x0, 0x0,
    0x0, 0x0, 0x0, 0x0,

    /* U+F028 "" */
    0x0, 0x0, 0x0, 0x0, 0x0, 0x0, 0x6, 0x10,
    0x0, 0x0, 0x0, 0x0, 0x0, 0x0, 0x0, 0x1f,
    0xd2, 0x0, 0x0, 0x0, 0x0, 0x8d, 0x0, 0x0,
    0x3, 0xee, 0x10, 0x0, 0x0, 0x8, 0xff, 0x0,
    0xa, 0xb1, 0x2f, 0xb0, 0x0, 0x0, 0x8f, 0xff,
    0x0, 0x5, 0xfc, 0x7, 0xf4, 0xdf, 0xff, 0xff,
    0xff, 0x2, 0x50, 0x5f, 0x60, 0xf9, 0xff, 0xff,
    0xff, 0xff, 0x6, 0xf7, 0xd, 0xc0, 0xbd, 0xff,
    0xff, 0xff, 0xff, 0x0, 0xae, 0x9, 0xf0, 0x9f,
    0xff, 0xff, 0xff, 0xff, 0x0, 0xae, 0x9, 0xe0,
    0x8f, 0xff, 0xff, 0xff, 0xff, 0x6, 0xf7, 0xd,
    0xc0, 0xad, 0xdf, 0xff, 0xff, 0xff, 0x2, 0x50,
    0x5f, 0x60, 0xe9, 0x0, 0x0, 0x9f, 0xff, 0x0,
    0x5, 0xfc, 0x6, 0xf4, 0x0, 0x0, 0x9, 0xff,
    0x0, 0xa, 0xb1, 0x2f, 0xb0, 0x0, 0x0, 0x0,
    0x8d, 0x0, 0x0, 0x2, 0xee, 0x10, 0x0, 0x0,
    0x0, 0x0, 0x0, 0x0, 0x1f, 0xd2, 0x0, 0x0,
    0x0, 0x0, 0x0, 0x0, 0x0, 0x6, 0x10, 0x0,

    /* U+F03E "" */
    0x8f, 0xff, 0xff, 0xff, 0xff, 0xff, 0xff, 0xf8,
    0xff, 0xfc, 0xff, 0xff, 0xff, 0xff, 0xff, 0xff,
    0xff, 0x20, 0x2f, 0xff, 0xff, 0xff, 0xff, 0xff,
    0xfc, 0x0, 0xc, 0xff, 0xff, 0xee, 0xff, 0xff,
    0xff, 0x20, 0x2f, 0xff, 0xfe, 0x12, 0xef, 0xff,
    0xff, 0xfc, 0xff, 0xff, 0xe1, 0x0, 0x2e, 0xff,
    0xff, 0xfe, 0x4e, 0xfe, 0x10, 0x0, 0x2, 0xff,
    0xff, 0xe1, 0x2, 0xc1, 0x0, 0x0, 0x0, 0xff,
    0xff, 0x10, 0x0, 0x0, 0x0, 0x0, 0x0, 0xff,
    0xff, 0x0, 0x0, 0x0, 0x0, 0x0, 0x0, 0xff,
    0xff, 0xff, 0xff, 0xff, 0xff, 0xff, 0xff, 0xff,
    0x8f, 0xff, 0xff, 0xff, 0xff, 0xff, 0xff, 0xf8,

    /* U+F043 "" */
    0x0, 0x0, 0x4e, 0x40, 0x0, 0x0, 0x0, 0xb,
    0xfb, 0x0, 0x0, 0x0, 0x1, 0xff, 0xf1, 0x0,
    0x0, 0x0, 0x9f, 0xff, 0x90, 0x0, 0x0, 0x2f,
    0xff, 0xff, 0x30, 0x0, 0xc, 0xff, 0xff, 0xfc,
    0x0, 0x7, 0xff, 0xff, 0xff, 0xf8, 0x2, 0xff,
    0xff, 0xff, 0xff, 0xf2, 0x9f, 0xff, 0xff, 0xff,
    0xff, 0x9e, 0xff, 0xff, 0xff, 0xff, 0xfe, 0xff,
    0x2f, 0xff, 0xff, 0xff, 0xfe, 0xf2, 0xbf, 0xff,
    0xff, 0xfe, 0x9f, 0xa1, 0xbf, 0xff, 0xff, 0x92,
    0xff, 0xa2, 0x2f, 0xff, 0xf2, 0x4, 0xff, 0xff,
    0xff, 0xf4, 0x0, 0x2, 0x9e, 0xfe, 0x92, 0x0,

    /* U+F048 "" */
    0x0, 0x0, 0x0, 0x0, 0x0, 0xff, 0x30, 0x0,
    0x1, 0xcc, 0xff, 0x40, 0x0, 0x2d, 0xff, 0xff,
    0x40, 0x3, 0xef, 0xff, 0xff, 0x40, 0x3f, 0xff,
    0xff, 0xff, 0x44, 0xff, 0xff, 0xff, 0xff, 0x9f,
    0xff, 0xff, 0xff, 0xff, 0xff, 0xff, 0xff, 0xff,
    0xff, 0xff, 0xff, 0xff, 0xff, 0xff, 0xaf, 0xff,
    0xff, 0xff, 0xff, 0x45, 0xff, 0xff, 0xff, 0xff,
    0x40, 0x4f, 0xff, 0xff, 0xff, 0x40, 0x3, 0xef,
    0xff, 0xff, 0x40, 0x0, 0x2d, 0xff, 0xff, 0x30,
    0x0, 0x1, 0xcc, 0x0, 0x0, 0x0, 0x0, 0x0,

    /* U+F04B "" */
    0x0, 0x0, 0x0, 0x0, 0x0, 0x0, 0x0, 0x8f,
    0x91, 0x0, 0x0, 0x0, 0x0, 0x0, 0xff, 0xff,
    0x70, 0x0, 0x0, 0x0, 0x0, 0xff, 0xff, 0xfd,
    0x40, 0x0, 0x0, 0x0, 0xff, 0xff, 0xff, 0xfa,
    0x10, 0x0, 0x0, 0xff, 0xff, 0xff, 0xff, 0xf7,
    0x0, 0x0, 0xff, 0xff, 0xff, 0xff, 0xff, 0xd5,
    0x0, 0xff, 0xff, 0xff, 0xff, 0xff, 0xff, 0xb2,
    0xff, 0xff, 0xff, 0xff, 0xff, 0xff, 0xfd, 0xff,
    0xff, 0xff, 0xff, 0xff, 0xff, 0xfd, 0xff, 0xff,
    0xff, 0xff, 0xff, 0xff, 0xb2, 0xff, 0xff, 0xff,
    0xff, 0xff, 0xd5, 0x0, 0xff, 0xff, 0xff, 0xff,
    0xf7, 0x0, 0x0, 0xff, 0xff, 0xff, 0xfa, 0x20,
    0x0, 0x0, 0xff, 0xff, 0xfd, 0x40, 0x0, 0x0,
    0x0, 0xff, 0xff, 0x70, 0x0, 0x0, 0x0, 0x0,
    0x8e, 0xa1, 0x0, 0x0, 0x0, 0x0, 0x0, 0x0,
    0x0, 0x0, 0x0, 0x0, 0x0, 0x0,

    /* U+F04C "" */
    0x0, 0x0, 0x0, 0x0, 0x0, 0x0, 0x0, 0x8f,
    0xff, 0xf8, 0x0, 0x8f, 0xff, 0xf8, 0xff, 0xff,
    0xff, 0x0, 0xff, 0xff, 0xff, 0xff, 0xff, 0xff,
    0x0, 0xff, 0xff, 0xff, 0xff, 0xff, 0xff, 0x0,
    0xff, 0xff, 0xff, 0xff, 0xff, 0xff, 0x0, 0xff,
    0xff, 0xff, 0xff, 0xff, 0xff, 0x0, 0xff, 0xff,
    0xff, 0xff, 0xff, 0xff, 0x0, 0xff, 0xff, 0xff,
    0xff, 0xff, 0xff, 0x0, 0xff, 0xff, 0xff, 0xff,
    0xff, 0xff, 0x0, 0xff, 0xff, 0xff, 0xff, 0xff,
    0xff, 0x0, 0xff, 0xff, 0xff, 0xff, 0xff, 0xff,
    0x0, 0xff, 0xff, 0xff, 0xff, 0xff, 0xff, 0x0,
    0xff, 0xff, 0xff, 0xff, 0xff, 0xff, 0x0, 0xff,
    0xff, 0xff, 0x7f, 0xff, 0xf7, 0x0, 0x7f, 0xff,
    0xf7,

    /* U+F04D "" */
    0x8f, 0xff, 0xff, 0xff, 0xff, 0xff, 0xf8, 0xff,
    0xff, 0xff, 0xff, 0xff, 0xff, 0xff, 0xff, 0xff,
    0xff, 0xff, 0xff, 0xff, 0xff, 0xff, 0xff, 0xff,
    0xff, 0xff, 0xff, 0xff, 0xff, 0xff, 0xff, 0xff,
    0xff, 0xff, 0xff, 0xff, 0xff, 0xff, 0xff, 0xff,
    0xff, 0xff, 0xff, 0xff, 0xff, 0xff, 0xff, 0xff,
    0xff, 0xff, 0xff, 0xff, 0xff, 0xff, 0xff, 0xff,
    0xff, 0xff, 0xff, 0xff, 0xff, 0xff, 0xff, 0xff,
    0xff, 0xff, 0xff, 0xff, 0xff, 0xff, 0xff, 0xff,
    0xff, 0xff, 0xff, 0xff, 0xff, 0xff, 0xff, 0xff,
    0xff, 0xff, 0xff, 0xff, 0xff, 0xff, 0xff, 0xff,
    0xff, 0xff, 0xff, 0x8f, 0xff, 0xff, 0xff, 0xff,
    0xff, 0xf8,

    /* U+F051 "" */
    0x0, 0x0, 0x0, 0x0, 0x0, 0xcc, 0x10, 0x0,
    0x3, 0xff, 0xff, 0xd2, 0x0, 0x4, 0xff, 0xff,
    0xfe, 0x30, 0x4, 0xff, 0xff, 0xff, 0xf4, 0x4,
    0xff, 0xff, 0xff, 0xff, 0x54, 0xff, 0xff, 0xff,
    0xff, 0xfa, 0xff, 0xff, 0xff, 0xff, 0xff, 0xff,
    0xff, 0xff, 0xff, 0xff, 0xff, 0xff, 0xff, 0xff,
    0xf9, 0xff, 0xff, 0xff, 0xff, 0x44, 0xff, 0xff,
    0xff, 0xf3, 0x4, 0xff, 0xff, 0xfe, 0x30, 0x4,
    0xff, 0xff, 0xd2, 0x0, 0x4, 0xff, 0xcc, 0x10,
    0x0, 0x3, 0xff, 0x0, 0x0, 0x0, 0x0, 0x0,

    /* U+F052 "" */
    0x0, 0x0, 0x0, 0x2d, 0xd2, 0x0, 0x0, 0x0,
    0x0, 0x0, 0x1, 0xef, 0xfe, 0x10, 0x0, 0x0,
    0x0, 0x0, 0x1d, 0xff, 0xff, 0xd1, 0x0, 0x0,
    0x0, 0x0, 0xcf, 0xff, 0xff, 0xfc, 0x0, 0x0,
    0x0, 0xb, 0xff, 0xff, 0xff, 0xff, 0xb0, 0x0,
    0x0, 0xaf, 0xff, 0xff, 0xff, 0xff, 0xfa, 0x0,
    0x9, 0xff, 0xff, 0xff, 0xff, 0xff, 0xff, 0x90,
    0xf, 0xff, 0xff, 0xff, 0xff, 0xff, 0xff, 0xf0,
    0x8, 0xff, 0xff, 0xff, 0xff, 0xff, 0xff, 0x80,
    0x0, 0x0, 0x0, 0x0, 0x0, 0x0, 0x0, 0x0,
    0xc, 0xff, 0xff, 0xff, 0xff, 0xff, 0xff, 0xc0,
    0xf, 0xff, 0xff, 0xff, 0xff, 0xff, 0xff, 0xf0,
    0xf, 0xff, 0xff, 0xff, 0xff, 0xff, 0xff, 0xf0,
    0xc, 0xff, 0xff, 0xff, 0xff, 0xff, 0xff, 0xc0,

    /* U+F053 "" */
    0x0, 0x0, 0x0, 0x1a, 0x40, 0x0, 0x0, 0x1,
    0xdf, 0xf0, 0x0, 0x0, 0x1d, 0xff, 0xa0, 0x0,
    0x1, 0xdf, 0xfa, 0x0, 0x0, 0x1d, 0xff, 0xa0,
    0x0, 0x1, 0xdf, 0xfa, 0x0, 0x0, 0xc, 0xff,
    0xa0, 0x0, 0x0, 0xd, 0xff, 0x80, 0x0, 0x0,
    0x1, 0xdf, 0xf8, 0x0, 0x0, 0x0, 0x1d, 0xff,
    0x80, 0x0, 0x0, 0x1, 0xdf, 0xf8, 0x0, 0x0,
    0x0, 0x1d, 0xff, 0x80, 0x0, 0x0, 0x1, 0xdf,
    0xf0, 0x0, 0x0, 0x0, 0x1b, 0x50,

    /* U+F054 "" */
    0x4, 0xa1, 0x0, 0x0, 0x0, 0xf, 0xfc, 0x10,
    0x0, 0x0, 0xa, 0xff, 0xc1, 0x0, 0x0, 0x0,
    0xaf, 0xfc, 0x10, 0x0, 0x0, 0xa, 0xff, 0xc1,
    0x0, 0x0, 0x0, 0xaf, 0xfc, 0x10, 0x0, 0x0,
    0xa, 0xff, 0xc0, 0x0, 0x0, 0x8, 0xff, 0xd0,
    0x0, 0x0, 0x8f, 0xfd, 0x10, 0x0, 0x8, 0xff,
    0xd1, 0x0, 0x0, 0x8f, 0xfd, 0x10, 0x0, 0x8,
    0xff, 0xd1, 0x0, 0x0, 0xf, 0xfd, 0x10, 0x0,
    0x0, 0x5, 0xb1, 0x0, 0x0, 0x0,

    /* U+F067 "" */
    0x0, 0x0, 0x4, 0xff, 0x40, 0x0, 0x0, 0x0,
    0x0, 0x8, 0xff, 0x80, 0x0, 0x0, 0x0, 0x0,
    0x8, 0xff, 0x80, 0x0, 0x0, 0x0, 0x0, 0x8,
    0xff, 0x80, 0x0, 0x0, 0x0, 0x0, 0x8, 0xff,
    0x80, 0x0, 0x0, 0x48, 0x88, 0x8c, 0xff, 0xc8,
    0x88, 0x84, 0xff, 0xff, 0xff, 0xff, 0xff, 0xff,
    0xff, 0xff, 0xff, 0xff, 0xff, 0xff, 0xff, 0xff,
    0x48, 0x88, 0x8c, 0xff, 0xc8, 0x88, 0x84, 0x0,
    0x0, 0x8, 0xff, 0x80, 0x0, 0x0, 0x0, 0x0,
    0x8, 0xff, 0x80, 0x0, 0x0, 0x0, 0x0, 0x8,
    0xff, 0x80, 0x0, 0x0, 0x0, 0x0, 0x8, 0xff,
    0x80, 0x0, 0x0, 0x0, 0x0, 0x4, 0xff, 0x40,
    0x0, 0x0,

    /* U+F068 "" */
    0x14, 0x44, 0x44, 0x44, 0x44, 0x44, 0x41, 0xef,
    0xff, 0xff, 0xff, 0xff, 0xff, 0xfe, 0xff, 0xff,
    0xff, 0xff, 0xff, 0xff, 0xff, 0x7b, 0xbb, 0xbb,
    0xbb, 0xbb, 0xbb, 0xb7,

    /* U+F06E "" */
    0x0, 0x0, 0x5, 0xad, 0xff, 0xda, 0x50, 0x0,
    0x0, 0x0, 0x4, 0xdf, 0xfc, 0x88, 0xcf, 0xfd,
    0x40, 0x0, 0x0, 0x7f, 0xfe, 0x40, 0x0, 0x4,
    0xef, 0xf7, 0x0, 0x7, 0xff, 0xf4, 0x0, 0x9e,
    0x80, 0x4f, 0xff, 0x70, 0x4f, 0xff, 0xc0, 0x0,
    0xaf, 0xf8, 0xc, 0xff, 0xf4, 0xdf, 0xff, 0x80,
    0x9a, 0xff, 0xfe, 0x8, 0xff, 0xfd, 0xdf, 0xff,
    0x80, 0xef, 0xff, 0xfe, 0x8, 0xff, 0xfd, 0x4f,
    0xff, 0xc0, 0x8f, 0xff, 0xf8, 0xc, 0xff, 0xf4,
    0x7, 0xff, 0xf4, 0x8, 0xee, 0x80, 0x4f, 0xff,
    0x70, 0x0, 0x7f, 0xfe, 0x40, 0x0, 0x4, 0xef,
    0xf8, 0x0, 0x0, 0x4, 0xdf, 0xfc, 0x88, 0xcf,
    0xfd, 0x40, 0x0, 0x0, 0x0, 0x5, 0xad, 0xff,
    0xda, 0x50, 0x0, 0x0,

    /* U+F070 "" */
    0x8c, 0x20, 0x0, 0x0, 0x0, 0x0, 0x0, 0x0,
    0x0, 0x0, 0xdf, 0xe4, 0x0, 0x0, 0x0, 0x0,
    0x0, 0x0, 0x0, 0x0, 0x1b, 0xff, 0x80, 0x49,
    0xdf, 0xfd, 0xa5, 0x0, 0x0, 0x0, 0x0, 0x7f,
    0xff, 0xff, 0xd8, 0x8c, 0xff, 0xd4, 0x0, 0x0,
    0x0, 0x4, 0xef, 0xf8, 0x0, 0x0, 0x4e, 0xff,
    0x70, 0x0, 0x0, 0x0, 0x1c, 0xff, 0x69, 0xe8,
    0x4, 0xff, 0xf7, 0x0, 0x4, 0xe3, 0x0, 0x9f,
    0xfe, 0xff, 0x80, 0xcf, 0xff, 0x40, 0xd, 0xff,
    0x70, 0x5, 0xff, 0xff, 0xe0, 0x8f, 0xff, 0xd0,
    0xd, 0xff, 0xf7, 0x0, 0x2d, 0xff, 0xe0, 0x8f,
    0xff, 0xd0, 0x4, 0xff, 0xfc, 0x0, 0x0, 0xaf,
    0xf8, 0xcf, 0xff, 0x30, 0x0, 0x7f, 0xff, 0x40,
    0x0, 0x6, 0xff, 0xff, 0xf7, 0x0, 0x0, 0x8,
    0xff, 0xf4, 0x0, 0x0, 0x3e, 0xff, 0xa0, 0x0,
    0x0, 0x0, 0x4d, 0xff, 0xc8, 0x82, 0x1, 0xbf,
    0xf7, 0x0, 0x0, 0x0, 0x0, 0x5a, 0xdf, 0xfc,
    0x10, 0x8, 0xff, 0xb0, 0x0, 0x0, 0x0, 0x0,
    0x0, 0x0, 0x0, 0x0, 0x4e, 0xfd, 0x0, 0x0,
    0x0, 0x0, 0x0, 0x0, 0x0, 0x0, 0x2, 0xc8,

    /* U+F071 "" */
    0x0, 0x0, 0x0, 0x0, 0x2d, 0xd2, 0x0, 0x0,
    0x0, 0x0, 0x0, 0x0, 0x0, 0x0, 0xbf, 0xfb,
    0x0, 0x0, 0x0, 0x0, 0x0, 0x0, 0x0, 0x5,
    0xff, 0xff, 0x50, 0x0, 0x0, 0x0, 0x0, 0x0,
    0x0, 0xd, 0xff, 0xff, 0xd0, 0x0, 0x0, 0x0,
    0x0, 0x0, 0x0, 0x7f, 0xff, 0xff, 0xf7, 0x0,
    0x0, 0x0, 0x0, 0x0, 0x1, 0xff, 0xd8, 0x8d,
    0xff, 0x10, 0x0, 0x0, 0x0, 0x0, 0xa, 0xff,
    0xa0, 0xa, 0xff, 0xa0, 0x0, 0x0, 0x0, 0x0,
    0x3f, 0xff, 0xb0, 0xb, 0xff, 0xf3, 0x0, 0x0,
    0x0, 0x0, 0xcf, 0xff, 0xc0, 0xc, 0xff, 0xfc,
    0x0, 0x0, 0x0, 0x5, 0xff, 0xff, 0xd0, 0xd,
    0xff, 0xff, 0x50, 0x0, 0x0, 0xe, 0xff, 0xff,
    0xf9, 0x9f, 0xff, 0xff, 0xe0, 0x0, 0x0, 0x8f,
    0xff, 0xff, 0xe2, 0x2e, 0xff, 0xff, 0xf8, 0x0,
    0x2, 0xff, 0xff, 0xff, 0x90, 0x9, 0xff, 0xff,
    0xff, 0x10, 0xa, 0xff, 0xff, 0xff, 0xe3, 0x3e,
    0xff, 0xff, 0xff, 0xa0, 0xf, 0xff, 0xff, 0xff,
    0xff, 0xff, 0xff, 0xff, 0xff, 0xf0, 0x8, 0xff,
    0xff, 0xff, 0xff, 0xff, 0xff, 0xff, 0xff, 0x80,

    /* U+F074 "" */
    0x0, 0x0, 0x0, 0x0, 0x0, 0x0, 0x0, 0x0,
    0x0, 0x0, 0x0, 0x0, 0x0, 0x0, 0xd8, 0x0,
    0x0, 0x0, 0x0, 0x0, 0x0, 0x0, 0xff, 0x80,
    0xff, 0xff, 0x70, 0x0, 0x7, 0xff, 0xff, 0xf8,
    0xff, 0xff, 0xf6, 0x0, 0x6f, 0xff, 0xff, 0xfd,
    0x78, 0x8e, 0xff, 0x15, 0xff, 0xe8, 0xff, 0xe2,
    0x0, 0x2, 0xe5, 0x4f, 0xfe, 0x20, 0xfe, 0x20,
    0x0, 0x0, 0x13, 0xff, 0xf3, 0x0, 0x52, 0x0,
    0x0, 0x0, 0x3f, 0xff, 0x31, 0x0, 0x52, 0x0,
    0x0, 0x2, 0xef, 0xf4, 0x5e, 0x20, 0xfe, 0x20,
    0x78, 0x8e, 0xff, 0x51, 0xff, 0xe8, 0xff, 0xe2,
    0xff, 0xff, 0xf6, 0x0, 0x6f, 0xff, 0xff, 0xfd,
    0xff, 0xff, 0x70, 0x0, 0x7, 0xff, 0xff, 0xf8,
    0x0, 0x0, 0x0, 0x0, 0x0, 0x0, 0xff, 0x80,
    0x0, 0x0, 0x0, 0x0, 0x0, 0x0, 0xd8, 0x0,
    0x0, 0x0, 0x0, 0x0, 0x0, 0x0, 0x0, 0x0,

    /* U+F077 "" */
    0x0, 0x0, 0x0, 0x0, 0x0, 0x0, 0x0, 0x0,
    0x0, 0x1, 0xdd, 0x10, 0x0, 0x0, 0x0, 0x0,
    0x1d, 0xff, 0xd1, 0x0, 0x0, 0x0, 0x1, 0xdf,
    0xff, 0xfd, 0x10, 0x0, 0x0, 0x1d, 0xff, 0x99,
    0xff, 0xd1, 0x0, 0x1, 0xdf, 0xf9, 0x0, 0x9f,
    0xfd, 0x10, 0x1d, 0xff, 0x90, 0x0, 0x9, 0xff,
    0xd1, 0xbf, 0xf9, 0x0, 0x0, 0x0, 0x9f, 0xfb,
    0x5f, 0x90, 0x0, 0x0, 0x0, 0x9, 0xf5, 0x0,
    0x0, 0x0, 0x0, 0x0, 0x0, 0x0,

    /* U+F078 "" */
    0x0, 0x0, 0x0, 0x0, 0x0, 0x0, 0x0, 0x5f,
    0x90, 0x0, 0x0, 0x0, 0x9, 0xf5, 0xbf, 0xf9,
    0x0, 0x0, 0x0, 0x9f, 0xfb, 0x1d, 0xff, 0x90,
    0x0, 0x9, 0xff, 0xd1, 0x1, 0xdf, 0xf9, 0x0,
    0x9f, 0xfd, 0x10, 0x0, 0x1d, 0xff, 0x99, 0xff,
    0xd1, 0x0, 0x0, 0x1, 0xdf, 0xff, 0xfd, 0x10,
    0x0, 0x0, 0x0, 0x1d, 0xff, 0xd1, 0x0, 0x0,
    0x0, 0x0, 0x1, 0xdd, 0x10, 0x0, 0x0, 0x0,
    0x0, 0x0, 0x0, 0x0, 0x0, 0x0,

    /* U+F079 "" */
    0x0, 0x0, 0x0, 0x0, 0x0, 0x0, 0x0, 0x0,
    0x0, 0x0, 0x0, 0x1d, 0xd1, 0x0, 0x0, 0x0,
    0x0, 0x0, 0x0, 0x0, 0x1, 0xdf, 0xfd, 0x10,
    0xef, 0xff, 0xff, 0xff, 0xd0, 0x0, 0x1d, 0xff,
    0xff, 0xd1, 0xaf, 0xff, 0xff, 0xff, 0xf0, 0x0,
    0xcf, 0xcf, 0xfc, 0xfc, 0x0, 0x0, 0x0, 0xf,
    0xf0, 0x0, 0x6b, 0x1f, 0xf1, 0xb6, 0x0, 0x0,
    0x0, 0xf, 0xf0, 0x0, 0x0, 0xf, 0xf0, 0x0,
    0x0, 0x0, 0x0, 0xf, 0xf0, 0x0, 0x0, 0xf,
    0xf0, 0x0, 0x0, 0x0, 0x0, 0xf, 0xf0, 0x0,
    0x0, 0xf, 0xf0, 0x0, 0x0, 0x0, 0x6b, 0x1f,
    0xf1, 0xb6, 0x0, 0xf, 0xf0, 0x0, 0x0, 0x0,
    0xcf, 0xcf, 0xfc, 0xfc, 0x0, 0xf, 0xff, 0xff,
    0xff, 0xfa, 0x1d, 0xff, 0xff, 0xd1, 0x0, 0xd,
    0xff, 0xff, 0xff, 0xfe, 0x1, 0xdf, 0xfd, 0x10,
    0x0, 0x0, 0x0, 0x0, 0x0, 0x0, 0x0, 0x1d,
    0xd1, 0x0, 0x0, 0x0, 0x0, 0x0, 0x0, 0x0,
    0x0, 0x0, 0x0, 0x0,

    /* U+F07B "" */
    0x8f, 0xff, 0xff, 0xd1, 0x0, 0x0, 0x0, 0x0,
    0xff, 0xff, 0xff, 0xfd, 0x10, 0x0, 0x0, 0x0,
    0xff, 0xff, 0xff, 0xff, 0xff, 0xff, 0xff, 0xf8,
    0xff, 0xff, 0xff, 0xff, 0xff, 0xff, 0xff, 0xff,
    0xff, 0xff, 0xff, 0xff, 0xff, 0xff, 0xff, 0xff,
    0xff, 0xff, 0xff, 0xff, 0xff, 0xff, 0xff, 0xff,
    0xff, 0xff, 0xff, 0xff, 0xff, 0xff, 0xff, 0xff,
    0xff, 0xff, 0xff, 0xff, 0xff, 0xff, 0xff, 0xff,
    0xff, 0xff, 0xff, 0xff, 0xff, 0xff, 0xff, 0xff,
    0xff, 0xff, 0xff, 0xff, 0xff, 0xff, 0xff, 0xff,
    0xff, 0xff, 0xff, 0xff, 0xff, 0xff, 0xff, 0xff,
    0x8f, 0xff, 0xff, 0xff, 0xff, 0xff, 0xff, 0xf8,

    /* U+F093 "" */
    0x0, 0x0, 0x0, 0xb, 0xb0, 0x0, 0x0, 0x0,
    0x0, 0x0, 0x0, 0xbf, 0xfb, 0x0, 0x0, 0x0,
    0x0, 0x0, 0xb, 0xff, 0xff, 0xb0, 0x0, 0x0,
    0x0, 0x0, 0xbf, 0xff, 0xff, 0xfb, 0x0, 0x0,
    0x0, 0xb, 0xff, 0xff, 0xff, 0xff, 0xb0, 0x0,
    0x0, 0x4f, 0xff, 0xff, 0xff, 0xff, 0xf4, 0x0,
    0x0, 0x0, 0x0, 0xff, 0xff, 0x0, 0x0, 0x0,
    0x0, 0x0, 0x0, 0xff, 0xff, 0x0, 0x0, 0x0,
    0x0, 0x0, 0x0, 0xff, 0xff, 0x0, 0x0, 0x0,
    0x0, 0x0, 0x0, 0xff, 0xff, 0x0, 0x0, 0x0,
    0x0, 0x0, 0x0, 0xff, 0xff, 0x0, 0x0, 0x0,
    0xdf, 0xff, 0xf0, 0xdf, 0xfd, 0xf, 0xff, 0xfd,
    0xff, 0xff, 0xf9, 0x0, 0x0, 0x9f, 0xff, 0xff,
    0xff, 0xff, 0xff, 0xff, 0xff, 0xff, 0xff, 0xff,
    0xff, 0xff, 0xff, 0xff, 0xff, 0xf0, 0xe0, 0xff,
    0xdf, 0xff, 0xff, 0xff, 0xff, 0xff, 0xff, 0xfd,

    /* U+F095 "" */
    0x0, 0x0, 0x0, 0x0, 0x0, 0x0, 0x0, 0x0,
    0x0, 0x0, 0x0, 0x0, 0x0, 0x0, 0xa, 0xea,
    0x62, 0x0, 0x0, 0x0, 0x0, 0x0, 0x2, 0xff,
    0xff, 0xf0, 0x0, 0x0, 0x0, 0x0, 0x0, 0x9f,
    0xff, 0xff, 0x0, 0x0, 0x0, 0x0, 0x0, 0xf,
    0xff, 0xff, 0xd0, 0x0, 0x0, 0x0, 0x0, 0x2,
    0xff, 0xff, 0xfb, 0x0, 0x0, 0x0, 0x0, 0x0,
    0x3, 0xef, 0xff, 0x70, 0x0, 0x0, 0x0, 0x0,
    0x0, 0x4, 0xff, 0xf2, 0x0, 0x0, 0x0, 0x0,
    0x0, 0x0, 0xbf, 0xfb, 0x0, 0x0, 0x0, 0x0,
    0x0, 0x0, 0x6f, 0xff, 0x30, 0x0, 0x0, 0x2,
    0x0, 0x0, 0x4f, 0xff, 0x90, 0x0, 0x2, 0x8f,
    0xf3, 0x0, 0x6f, 0xff, 0xd0, 0x0, 0xa, 0xff,
    0xff, 0xe4, 0xbf, 0xff, 0xd1, 0x0, 0x0, 0xef,
    0xff, 0xff, 0xff, 0xff, 0xd1, 0x0, 0x0, 0xa,
    0xff, 0xff, 0xff, 0xff, 0x90, 0x0, 0x0, 0x0,
    0x6f, 0xff, 0xff, 0xfb, 0x30, 0x0, 0x0, 0x0,
    0x2, 0xff, 0xdb, 0x72, 0x0, 0x0, 0x0, 0x0,
    0x0,

    /* U+F0C4 "" */
    0x8, 0xee, 0x80, 0x0, 0x0, 0x6, 0x61, 0x8,
    0xff, 0xff, 0x80, 0x0, 0x2d, 0xff, 0xd0, 0xef,
    0x33, 0xfe, 0x0, 0x2e, 0xff, 0xf3, 0xe, 0xf3,
    0x3f, 0xe0, 0x2e, 0xff, 0xf3, 0x0, 0x8f, 0xff,
    0xff, 0x6e, 0xff, 0xf3, 0x0, 0x0, 0x8e, 0xff,
    0xff, 0xff, 0xf3, 0x0, 0x0, 0x0, 0x2, 0xef,
    0xff, 0xf3, 0x0, 0x0, 0x0, 0x0, 0x2e, 0xff,
    0xff, 0x30, 0x0, 0x0, 0x8, 0xef, 0xff, 0xff,
    0xff, 0x30, 0x0, 0x8, 0xff, 0xff, 0xf6, 0xef,
    0xff, 0x30, 0x0, 0xef, 0x33, 0xfe, 0x2, 0xef,
    0xff, 0x30, 0xe, 0xf3, 0x3f, 0xe0, 0x2, 0xef,
    0xff, 0x30, 0x8f, 0xff, 0xf8, 0x0, 0x2, 0xdf,
    0xfd, 0x0, 0x8e, 0xe8, 0x0, 0x0, 0x0, 0x66,
    0x10,

    /* U+F0C5 "" */
    0x0, 0x0, 0xdf, 0xff, 0xff, 0xd, 0x10, 0x0,
    0x0, 0xff, 0xff, 0xff, 0xf, 0xd1, 0x0, 0x0,
    0xff, 0xff, 0xff, 0xf, 0xfd, 0xdf, 0xf0, 0xff,
    0xff, 0xff, 0x20, 0x0, 0xff, 0xf0, 0xff, 0xff,
    0xff, 0xff, 0xff, 0xff, 0xf0, 0xff, 0xff, 0xff,
    0xff, 0xff, 0xff, 0xf0, 0xff, 0xff, 0xff, 0xff,
    0xff, 0xff, 0xf0, 0xff, 0xff, 0xff, 0xff, 0xff,
    0xff, 0xf0, 0xff, 0xff, 0xff, 0xff, 0xff, 0xff,
    0xf0, 0xff, 0xff, 0xff, 0xff, 0xff, 0xff, 0xf0,
    0xff, 0xff, 0xff, 0xff, 0xff, 0xff, 0xf0, 0xff,
    0xff, 0xff, 0xff, 0xff, 0xff, 0xf0, 0xdf, 0xff,
    0xff, 0xff, 0xfd, 0xff, 0xf9, 0x0, 0x0, 0x0,
    0x0, 0x0, 0xff, 0xff, 0xff, 0xff, 0xff, 0x0,
    0x0, 0xdf, 0xff, 0xff, 0xff, 0xfd, 0x0, 0x0,

    /* U+F0C7 "" */
    0x8f, 0xff, 0xff, 0xff, 0xff, 0xc1, 0x0, 0xff,
    0xff, 0xff, 0xff, 0xff, 0xfd, 0x10, 0xff, 0x0,
    0x0, 0x0, 0x1, 0xff, 0xd1, 0xff, 0x0, 0x0,
    0x0, 0x0, 0xff, 0xfc, 0xff, 0x0, 0x0, 0x0,
    0x0, 0xff, 0xff, 0xff, 0x0, 0x0, 0x0, 0x0,
    0xff, 0xff, 0xff, 0xff, 0xff, 0xff, 0xff, 0xff,
    0xff, 0xff, 0xff, 0xff, 0xff, 0xff, 0xff, 0xff,
    0xff, 0xff, 0xfb, 0x11, 0xbf, 0xff, 0xff, 0xff,
    0xff, 0xf1, 0x0, 0x1f, 0xff, 0xff, 0xff, 0xff,
    0xf1, 0x0, 0x1f, 0xff, 0xff, 0xff, 0xff, 0xfb,
    0x11, 0xbf, 0xff, 0xff, 0xff, 0xff, 0xff, 0xff,
    0xff, 0xff, 0xff, 0x8f, 0xff, 0xff, 0xff, 0xff,
    0xff, 0xf8,

    /* U+F0C9 "" */
    0x12, 0x22, 0x22, 0x22, 0x22, 0x22, 0x21, 0xff,
    0xff, 0xff, 0xff, 0xff, 0xff, 0xff, 0xff, 0xff,
    0xff, 0xff, 0xff, 0xff, 0xff, 0x12, 0x22, 0x22,
    0x22, 0x22, 0x22, 0x21, 0x0, 0x0, 0x0, 0x0,
    0x0, 0x0, 0x0, 0x12, 0x22, 0x22, 0x22, 0x22,
    0x22, 0x21, 0xff, 0xff, 0xff, 0xff, 0xff, 0xff,
    0xff, 0xff, 0xff, 0xff, 0xff, 0xff, 0xff, 0xff,
    0x12, 0x22, 0x22, 0x22, 0x22, 0x22, 0x21, 0x0,
    0x0, 0x0, 0x0, 0x0, 0x0, 0x0, 0x12, 0x22,
    0x22, 0x22, 0x22, 0x22, 0x21, 0xff, 0xff, 0xff,
    0xff, 0xff, 0xff, 0xff, 0xff, 0xff, 0xff, 0xff,
    0xff, 0xff, 0xff, 0x12, 0x22, 0x22, 0x22, 0x22,
    0x22, 0x21,

    /* U+F0E0 "" */
    0x8f, 0xff, 0xff, 0xff, 0xff, 0xff, 0xff, 0xf8,
    0xff, 0xff, 0xff, 0xff, 0xff, 0xff, 0xff, 0xff,
    0xcf, 0xff, 0xff, 0xff, 0xff, 0xff, 0xff, 0xfc,
    0x9, 0xff, 0xff, 0xff, 0xff, 0xff, 0xff, 0x90,
    0xd2, 0x5f, 0xff, 0xff, 0xff, 0xff, 0xf5, 0x2d,
    0xff, 0x62, 0xcf, 0xff, 0xff, 0xfc, 0x26, 0xff,
    0xff, 0xfa, 0x18, 0xff, 0xff, 0x81, 0xaf, 0xff,
    0xff, 0xff, 0xe3, 0x4d, 0xd4, 0x3e, 0xff, 0xff,
    0xff, 0xff, 0xff, 0x81, 0x18, 0xff, 0xff, 0xff,
    0xff, 0xff, 0xff, 0xff, 0xff, 0xff, 0xff, 0xff,
    0xff, 0xff, 0xff, 0xff, 0xff, 0xff, 0xff, 0xff,
    0x8f, 0xff, 0xff, 0xff, 0xff, 0xff, 0xff, 0xf8,

    /* U+F0E7 "" */
    0x0, 0xdf, 0xff, 0xfd, 0x0, 0x0, 0x1, 0xff,
    0xff, 0xfc, 0x0, 0x0, 0x3, 0xff, 0xff, 0xf7,
    0x0, 0x0, 0x6, 0xff, 0xff, 0xf2, 0x0, 0x0,
    0x8, 0xff, 0xff, 0xd0, 0x0, 0x0, 0xa, 0xff,
    0xff, 0xff, 0xff, 0xd0, 0xc, 0xff, 0xff, 0xff,
    0xff, 0xa0, 0xe, 0xff, 0xff, 0xff, 0xff, 0x20,
    0xd, 0xff, 0xff, 0xff, 0xf8, 0x0, 0x0, 0x0,
    0xa, 0xff, 0xe0, 0x0, 0x0, 0x0, 0xe, 0xff,
    0x50, 0x0, 0x0, 0x0, 0x2f, 0xfc, 0x0, 0x0,
    0x0, 0x0, 0x5f, 0xf3, 0x0, 0x0, 0x0, 0x0,
    0x9f, 0xa0, 0x0, 0x0, 0x0, 0x0, 0xdf, 0x10,
    0x0, 0x0, 0x0, 0x0, 0xd7, 0x0, 0x0, 0x0,

    /* U+F0EA "" */
    0x0, 0x4, 0xde, 0x40, 0x0, 0x0, 0x0, 0xdf,
    0xff, 0x99, 0xff, 0xfd, 0x0, 0x0, 0xff, 0xff,
    0x99, 0xff, 0xff, 0x0, 0x0, 0xff, 0xff, 0xff,
    0xff, 0xff, 0x0, 0x0, 0xff, 0xff, 0x90, 0x0,
    0x0, 0x0, 0x0, 0xff, 0xff, 0xd, 0xff, 0xff,
    0xd, 0x10, 0xff, 0xff, 0xf, 0xff, 0xff, 0xf,
    0xd1, 0xff, 0xff, 0xf, 0xff, 0xff, 0xf, 0xfd,
    0xff, 0xff, 0xf, 0xff, 0xff, 0x20, 0x0, 0xff,
    0xff, 0xf, 0xff, 0xff, 0xff, 0xff, 0xff, 0xff,
    0xf, 0xff, 0xff, 0xff, 0xff, 0xff, 0xff, 0xf,
    0xff, 0xff, 0xff, 0xff, 0xdf, 0xff, 0xf, 0xff,
    0xff, 0xff, 0xff, 0x0, 0x0, 0xf, 0xff, 0xff,
    0xff, 0xff, 0x0, 0x0, 0xf, 0xff, 0xff, 0xff,
    0xff, 0x0, 0x0, 0xd, 0xff, 0xff, 0xff, 0xfd,

    /* U+F0F3 "" */
    0x0, 0x0, 0x0, 0xcc, 0x0, 0x0, 0x0, 0x0,
    0x0, 0x2, 0xff, 0x30, 0x0, 0x0, 0x0, 0x1,
    0xbf, 0xff, 0xfc, 0x20, 0x0, 0x0, 0x1e, 0xff,
    0xff, 0xff, 0xe1, 0x0, 0x0, 0x9f, 0xff, 0xff,
    0xff, 0xf8, 0x0, 0x0, 0xef, 0xff, 0xff, 0xff,
    0xfd, 0x0, 0x0, 0xff, 0xff, 0xff, 0xff, 0xff,
    0x0, 0x1, 0xff, 0xff, 0xff, 0xff, 0xff, 0x0,
    0x3, 0xff, 0xff, 0xff, 0xff, 0xff, 0x30, 0x8,
    0xff, 0xff, 0xff, 0xff, 0xff, 0x80, 0x1e, 0xff,
    0xff, 0xff, 0xff, 0xff, 0xe1, 0xcf, 0xff, 0xff,
    0xff, 0xff, 0xff, 0xfc, 0xcf, 0xff, 0xff, 0xff,
    0xff, 0xff, 0xfc, 0x0, 0x0, 0x0, 0x0, 0x0,
    0x0, 0x0, 0x0, 0x0, 0xe, 0xff, 0xe0, 0x0,
    0x0, 0x0, 0x0, 0x4, 0xee, 0x40, 0x0, 0x0,

    /* U+F11C "" */
    0x8f, 0xff, 0xff, 0xff, 0xff, 0xff, 0xff, 0xff,
    0xf8, 0xff, 0xff, 0xff, 0xff, 0xff, 0xff, 0xff,
    0xff, 0xff, 0xff, 0x0, 0xf0, 0xf, 0x0, 0xf0,
    0xf, 0x0, 0xff, 0xff, 0x0, 0xf0, 0xf, 0x0,
    0xf0, 0xf, 0x0, 0xff, 0xff, 0xff, 0xff, 0xff,
    0xff, 0xff, 0xff, 0xff, 0xff, 0xff, 0xf8, 0x8,
    0x80, 0x88, 0x8, 0x80, 0x8f, 0xff, 0xff, 0xf8,
    0x8, 0x80, 0x88, 0x8, 0x80, 0x8f, 0xff, 0xff,
    0xff, 0xff, 0xff, 0xff, 0xff, 0xff, 0xff, 0xff,
    0xff, 0x0, 0xf0, 0x0, 0x0, 0x0, 0xf, 0x0,
    0xff, 0xff, 0x0, 0xf0, 0x0, 0x0, 0x0, 0xf,
    0x0, 0xff, 0xff, 0xff, 0xff, 0xff, 0xff, 0xff,
    0xff, 0xff, 0xff, 0x8f, 0xff, 0xff, 0xff, 0xff,
    0xff, 0xff, 0xff, 0xf8,

    /* U+F124 "" */
    0x0, 0x0, 0x0, 0x0, 0x0, 0x0, 0x0, 0x0,
    0x0, 0x0, 0x0, 0x0, 0x0, 0x0, 0x0, 0x3,
    0xaf, 0x70, 0x0, 0x0, 0x0, 0x0, 0x0, 0x4,
    0xcf, 0xff, 0xf0, 0x0, 0x0, 0x0, 0x0, 0x6,
    0xdf, 0xff, 0xff, 0xa0, 0x0, 0x0, 0x0, 0x17,
    0xef, 0xff, 0xff, 0xff, 0x30, 0x0, 0x0, 0x18,
    0xff, 0xff, 0xff, 0xff, 0xfc, 0x0, 0x0, 0x2a,
    0xff, 0xff, 0xff, 0xff, 0xff, 0xf4, 0x0, 0x8,
    0xff, 0xff, 0xff, 0xff, 0xff, 0xff, 0xd0, 0x0,
    0xf, 0xff, 0xff, 0xff, 0xff, 0xff, 0xff, 0x60,
    0x0, 0x8, 0xff, 0xff, 0xff, 0xff, 0xff, 0xfe,
    0x0, 0x0, 0x0, 0x0, 0x0, 0x0, 0xff, 0xff,
    0xf7, 0x0, 0x0, 0x0, 0x0, 0x0, 0x0, 0xff,
    0xff, 0xf1, 0x0, 0x0, 0x0, 0x0, 0x0, 0x0,
    0xff, 0xff, 0x80, 0x0, 0x0, 0x0, 0x0, 0x0,
    0x0, 0xff, 0xff, 0x10, 0x0, 0x0, 0x0, 0x0,
    0x0, 0x0, 0xff, 0xfa, 0x0, 0x0, 0x0, 0x0,
    0x0, 0x0, 0x0, 0xff, 0xf2, 0x0, 0x0, 0x0,
    0x0, 0x0, 0x0, 0x0, 0x8f, 0x80, 0x0, 0x0,
    0x0, 0x0, 0x0, 0x0, 0x0, 0x0, 0x0, 0x0,
    0x0, 0x0,

    /* U+F15B "" */
    0xdf, 0xff, 0xff, 0xf0, 0xd1, 0x0, 0xff, 0xff,
    0xff, 0xf0, 0xfd, 0x10, 0xff, 0xff, 0xff, 0xf0,
    0xff, 0xd1, 0xff, 0xff, 0xff, 0xf0, 0xff, 0xfd,
    0xff, 0xff, 0xff, 0xf2, 0x0, 0x0, 0xff, 0xff,
    0xff, 0xff, 0xff, 0xff, 0xff, 0xff, 0xff, 0xff,
    0xff, 0xff, 0xff, 0xff, 0xff, 0xff, 0xff, 0xff,
    0xff, 0xff, 0xff, 0xff, 0xff, 0xff, 0xff, 0xff,
    0xff, 0xff, 0xff, 0xff, 0xff, 0xff, 0xff, 0xff,
    0xff, 0xff, 0xff, 0xff, 0xff, 0xff, 0xff, 0xff,
    0xff, 0xff, 0xff, 0xff, 0xff, 0xff, 0xff, 0xff,
    0xff, 0xff, 0xff, 0xff, 0xff, 0xff, 0xff, 0xff,
    0xff, 0xff, 0xdf, 0xff, 0xff, 0xff, 0xff, 0xfd,

    /* U+F1EB "" */
    0x0, 0x0, 0x0, 0x0, 0x0, 0x0, 0x0, 0x0,
    0x0, 0x0, 0x0, 0x0, 0x4, 0x9c, 0xef, 0xfe,
    0xc9, 0x40, 0x0, 0x0, 0x0, 0x7, 0xef, 0xff,
    0xff, 0xff, 0xff, 0xfe, 0x70, 0x0, 0x4, 0xdf,
    0xff, 0xfc, 0xa8, 0x8a, 0xcf, 0xff, 0xfd, 0x40,
    0x6f, 0xff, 0xd5, 0x0, 0x0, 0x0, 0x0, 0x5d,
    0xff, 0xf6, 0xcf, 0xf6, 0x0, 0x0, 0x0, 0x0,
    0x0, 0x0, 0x6f, 0xfc, 0x1a, 0x30, 0x0, 0x5a,
    0xdf, 0xfd, 0xa5, 0x0, 0x3, 0xa1, 0x0, 0x0,
    0x4d, 0xff, 0xff, 0xff, 0xff, 0xd4, 0x0, 0x0,
    0x0, 0x5, 0xff, 0xfe, 0xa8, 0x8a, 0xef, 0xff,
    0x50, 0x0, 0x0, 0x1, 0xdf, 0x70, 0x0, 0x0,
    0x7, 0xfd, 0x10, 0x0, 0x0, 0x0, 0x12, 0x0,
    0x0, 0x0, 0x0, 0x21, 0x0, 0x0, 0x0, 0x0,
    0x0, 0x0, 0x4e, 0xe4, 0x0, 0x0, 0x0, 0x0,
    0x0, 0x0, 0x0, 0x0, 0xef, 0xfe, 0x0, 0x0,
    0x0, 0x0, 0x0, 0x0, 0x0, 0x0, 0xef, 0xfe,
    0x0, 0x0, 0x0, 0x0, 0x0, 0x0, 0x0, 0x0,
    0x4e, 0xe4, 0x0, 0x0, 0x0, 0x0,

    /* U+F240 "" */
    0x8f, 0xff, 0xff, 0xff, 0xff, 0xff, 0xff, 0xff,
    0xff, 0x80, 0xff, 0xff, 0xff, 0xff, 0xff, 0xff,
    0xff, 0xff, 0xff, 0xf0, 0xff, 0x0, 0x0, 0x0,
    0x0, 0x0, 0x0, 0x0, 0xf, 0xfd, 0xff, 0xf,
    0xff, 0xff, 0xff, 0xff, 0xff, 0xff, 0xf, 0xff,
    0xff, 0xf, 0xff, 0xff, 0xff, 0xff, 0xff, 0xff,
    0x0, 0xff, 0xff, 0xf, 0xff, 0xff, 0xff, 0xff,
    0xff, 0xff, 0x0, 0xff, 0xff, 0xf, 0xff, 0xff,
    0xff, 0xff, 0xff, 0xff, 0xf, 0xff, 0xff, 0x0,
    0x0, 0x0, 0x0, 0x0, 0x0, 0x0, 0xf, 0xfd,
    0xff, 0xff, 0xff, 0xff, 0xff, 0xff, 0xff, 0xff,
    0xff, 0xf0, 0x8f, 0xff, 0xff, 0xff, 0xff, 0xff,
    0xff, 0xff, 0xff, 0x80,

    /* U+F241 "" */
    0x8f, 0xff, 0xff, 0xff, 0xff, 0xff, 0xff, 0xff,
    0xff, 0x80, 0xff, 0xff, 0xff, 0xff, 0xff, 0xff,
    0xff, 0xff, 0xff, 0xf0, 0xff, 0x0, 0x0, 0x0,
    0x0, 0x0, 0x0, 0x0, 0xf, 0xfd, 0xff, 0xf,
    0xff, 0xff, 0xff, 0xff, 0xf0, 0x0, 0xf, 0xff,
    0xff, 0xf, 0xff, 0xff, 0xff, 0xff, 0xf0, 0x0,
    0x0, 0xff, 0xff, 0xf, 0xff, 0xff, 0xff, 0xff,
    0xf0, 0x0, 0x0, 0xff, 0xff, 0xf, 0xff, 0xff,
    0xff, 0xff, 0xf0, 0x0, 0xf, 0xff, 0xff, 0x0,
    0x0, 0x0, 0x0, 0x0, 0x0, 0x0, 0xf, 0xfd,
    0xff, 0xff, 0xff, 0xff, 0xff, 0xff, 0xff, 0xff,
    0xff, 0xf0, 0x8f, 0xff, 0xff, 0xff, 0xff, 0xff,
    0xff, 0xff, 0xff, 0x80,

    /* U+F242 "" */
    0x8f, 0xff, 0xff, 0xff, 0xff, 0xff, 0xff, 0xff,
    0xff, 0x80, 0xff, 0xff, 0xff, 0xff, 0xff, 0xff,
    0xff, 0xff, 0xff, 0xf0, 0xff, 0x0, 0x0, 0x0,
    0x0, 0x0, 0x0, 0x0, 0xf, 0xfd, 0xff, 0xf,
    0xff, 0xff, 0xff, 0x0, 0x0, 0x0, 0xf, 0xff,
    0xff, 0xf, 0xff, 0xff, 0xff, 0x0, 0x0, 0x0,
    0x0, 0xff, 0xff, 0xf, 0xff, 0xff, 0xff, 0x0,
    0x0, 0x0, 0x0, 0xff, 0xff, 0xf, 0xff, 0xff,
    0xff, 0x0, 0x0, 0x0, 0xf, 0xff, 0xff, 0x0,
    0x0, 0x0, 0x0, 0x0, 0x0, 0x0, 0xf, 0xfd,
    0xff, 0xff, 0xff, 0xff, 0xff, 0xff, 0xff, 0xff,
    0xff, 0xf0, 0x8f, 0xff, 0xff, 0xff, 0xff, 0xff,
    0xff, 0xff, 0xff, 0x80,

    /* U+F243 "" */
    0x8f, 0xff, 0xff, 0xff, 0xff, 0xff, 0xff, 0xff,
    0xff, 0x80, 0xff, 0xff, 0xff, 0xff, 0xff, 0xff,
    0xff, 0xff, 0xff, 0xf0, 0xff, 0x0, 0x0, 0x0,
    0x0, 0x0, 0x0, 0x0, 0xf, 0xfd, 0xff, 0xf,
    0xff, 0xf0, 0x0, 0x0, 0x0, 0x0, 0xf, 0xff,
    0xff, 0xf, 0xff, 0xf0, 0x0, 0x0, 0x0, 0x0,
    0x0, 0xff, 0xff, 0xf, 0xff, 0xf0, 0x0, 0x0,
    0x0, 0x0, 0x0, 0xff, 0xff, 0xf, 0xff, 0xf0,
    0x0, 0x0, 0x0, 0x0, 0xf, 0xff, 0xff, 0x0,
    0x0, 0x0, 0x0, 0x0, 0x0, 0x0, 0xf, 0xfd,
    0xff, 0xff, 0xff, 0xff, 0xff, 0xff, 0xff, 0xff,
    0xff, 0xf0, 0x8f, 0xff, 0xff, 0xff, 0xff, 0xff,
    0xff, 0xff, 0xff, 0x80,

    /* U+F244 "" */
    0x8f, 0xff, 0xff, 0xff, 0xff, 0xff, 0xff, 0xff,
    0xff, 0x80, 0xff, 0xff, 0xff, 0xff, 0xff, 0xff,
    0xff, 0xff, 0xff, 0xf0, 0xff, 0x0, 0x0, 0x0,
    0x0, 0x0, 0x0, 0x0, 0xf, 0xfd, 0xff, 0x0,
    0x0, 0x0, 0x0, 0x0, 0x0, 0x0, 0xf, 0xff,
    0xff, 0x0, 0x0, 0x0, 0x0, 0x0, 0x0, 0x0,
    0x0, 0xff, 0xff, 0x0, 0x0, 0x0, 0x0, 0x0,
    0x0, 0x0, 0x0, 0xff, 0xff, 0x0, 0x0, 0x0,
    0x0, 0x0, 0x0, 0x0, 0xf, 0xff, 0xff, 0x0,
    0x0, 0x0, 0x0, 0x0, 0x0, 0x0, 0xf, 0xfd,
    0xff, 0xff, 0xff, 0xff, 0xff, 0xff, 0xff, 0xff,
    0xff, 0xf0, 0x8f, 0xff, 0xff, 0xff, 0xff, 0xff,
    0xff, 0xff, 0xff, 0x80,

    /* U+F287 "" */
    0x0, 0x0, 0x0, 0x0, 0x0, 0x1, 0x0, 0x0,
    0x0, 0x0, 0x0, 0x0, 0x0, 0x0, 0x0, 0x7,
    0xfd, 0x10, 0x0, 0x0, 0x0, 0x0, 0x0, 0x0,
    0x1, 0xcf, 0xff, 0xf5, 0x0, 0x0, 0x0, 0x0,
    0x0, 0x0, 0x0, 0xb9, 0x29, 0xfe, 0x10, 0x0,
    0x0, 0x0, 0x0, 0x0, 0x0, 0x3f, 0x10, 0x2,
    0x0, 0x0, 0x0, 0x0, 0x3, 0xdf, 0x80, 0xa,
    0x90, 0x0, 0x0, 0x0, 0x3, 0x70, 0x0, 0xdf,
    0xff, 0x77, 0xf7, 0x55, 0x55, 0x55, 0x55, 0x8f,
    0xd3, 0xf, 0xff, 0xfd, 0xcc, 0xdf, 0xdc, 0xcc,
    0xcc, 0xcd, 0xff, 0xb0, 0x8f, 0xfe, 0x10, 0x0,
    0xaa, 0x0, 0x0, 0x0, 0x4d, 0x40, 0x0, 0x46,
    0x10, 0x0, 0x1, 0xf2, 0x2, 0x33, 0x10, 0x0,
    0x0, 0x0, 0x0, 0x0, 0x0, 0x9, 0xb1, 0xcf,
    0xf9, 0x0, 0x0, 0x0, 0x0, 0x0, 0x0, 0x0,
    0xa, 0xff, 0xff, 0x90, 0x0, 0x0, 0x0, 0x0,
    0x0, 0x0, 0x0, 0x0, 0xbf, 0xf9, 0x0, 0x0,
    0x0, 0x0, 0x0, 0x0, 0x0, 0x0, 0x1, 0x22,
    0x0, 0x0, 0x0,

    /* U+F293 "" */
    0x0, 0x18, 0xdf, 0xfd, 0x92, 0x0, 0x2, 0xef,
    0xfb, 0xef, 0xff, 0x40, 0xd, 0xff, 0xfa, 0x2e,
    0xff, 0xe0, 0x4f, 0xff, 0xfa, 0x3, 0xff, 0xf5,
    0x9f, 0xfa, 0xfa, 0x35, 0x4f, 0xfa, 0xcf, 0xc0,
    0x8a, 0x3d, 0xb, 0xfd, 0xef, 0xfb, 0x3, 0x11,
    0x8f, 0xfe, 0xff, 0xff, 0xb0, 0x6, 0xff, 0xff,
    0xff, 0xff, 0xd1, 0x8, 0xff, 0xff, 0xef, 0xfd,
    0x11, 0x10, 0x9f, 0xff, 0xdf, 0xd1, 0x59, 0x3b,
    0xb, 0xfd, 0xaf, 0xd6, 0xfa, 0x37, 0x1d, 0xfb,
    0x5f, 0xff, 0xfa, 0x1, 0xdf, 0xf7, 0xd, 0xff,
    0xfa, 0x1d, 0xff, 0xf1, 0x3, 0xef, 0xfc, 0xdf,
    0xff, 0x50, 0x0, 0x18, 0xdf, 0xfe, 0xa3, 0x0,

    /* U+F2ED "" */
    0x0, 0x0, 0x7f, 0xff, 0xf7, 0x0, 0x0, 0xef,
    0xff, 0xff, 0xff, 0xff, 0xff, 0xfe, 0xef, 0xff,
    0xff, 0xff, 0xff, 0xff, 0xfe, 0x0, 0x0, 0x0,
    0x0, 0x0, 0x0, 0x0, 0xf, 0xff, 0xff, 0xff,
    0xff, 0xff, 0xf0, 0xf, 0xff, 0xff, 0xff, 0xff,
    0xff, 0xf0, 0xf, 0xf9, 0x9f, 0x99, 0xf9, 0x9f,
    0xf0, 0xf, 0xf8, 0x8f, 0x88, 0xf8, 0x8f, 0xf0,
    0xf, 0xf8, 0x8f, 0x88, 0xf8, 0x8f, 0xf0, 0xf,
    0xf8, 0x8f, 0x88, 0xf8, 0x8f, 0xf0, 0xf, 0xf8,
    0x8f, 0x88, 0xf8, 0x8f, 0xf0, 0xf, 0xf8, 0x8f,
    0x88, 0xf8, 0x8f, 0xf0, 0xf, 0xf8, 0x8f, 0x88,
    0xf8, 0x8f, 0xf0, 0xf, 0xf9, 0x9f, 0x99, 0xf9,
    0x9f, 0xf0, 0xf, 0xff, 0xff, 0xff, 0xff, 0xff,
    0xf0, 0x8, 0xff, 0xff, 0xff, 0xff, 0xff, 0x80,

    /* U+F304 "" */
    0x0, 0x0, 0x0, 0x0, 0x0, 0x0, 0x7f, 0xa0,
    0x0, 0x0, 0x0, 0x0, 0x0, 0x0, 0x7f, 0xff,
    0xb0, 0x0, 0x0, 0x0, 0x0, 0x0, 0xd, 0xff,
    0xff, 0xa0, 0x0, 0x0, 0x0, 0x0, 0x7a, 0x1d,
    0xff, 0xff, 0x0, 0x0, 0x0, 0x0, 0x7f, 0xfa,
    0x1d, 0xff, 0x70, 0x0, 0x0, 0x0, 0x7f, 0xff,
    0xfa, 0x1d, 0x70, 0x0, 0x0, 0x0, 0x7f, 0xff,
    0xff, 0xfa, 0x0, 0x0, 0x0, 0x0, 0x7f, 0xff,
    0xff, 0xff, 0x70, 0x0, 0x0, 0x0, 0x7f, 0xff,
    0xff, 0xff, 0x70, 0x0, 0x0, 0x0, 0x7f, 0xff,
    0xff, 0xff, 0x70, 0x0, 0x0, 0x0, 0x7f, 0xff,
    0xff, 0xff, 0x70, 0x0, 0x0, 0x0, 0x6f, 0xff,
    0xff, 0xff, 0x70, 0x0, 0x0, 0x0, 0xb, 0xff,
    0xff, 0xff, 0x70, 0x0, 0x0, 0x0, 0x0, 0xdf,
    0xff, 0xff, 0x70, 0x0, 0x0, 0x0, 0x0, 0xe,
    0xff, 0xff, 0x70, 0x0, 0x0, 0x0, 0x0, 0x0,
    0xde, 0xdb, 0x60, 0x0, 0x0, 0x0, 0x0, 0x0,
    0x0, 0x0, 0x0, 0x0, 0x0, 0x0, 0x0, 0x0,
    0x0,

    /* U+F55A "" */
    0x0, 0x0, 0x1b, 0xff, 0xff, 0xff, 0xff, 0xff,
    0xff, 0xe4, 0x0, 0x1, 0xdf, 0xff, 0xff, 0xff,
    0xff, 0xff, 0xff, 0xfe, 0x0, 0x1d, 0xff, 0xff,
    0xfa, 0xef, 0xfe, 0xaf, 0xff, 0xff, 0x1, 0xdf,
    0xff, 0xff, 0xa0, 0x2e, 0xe2, 0xa, 0xff, 0xff,
    0x1d, 0xff, 0xff, 0xff, 0xe2, 0x2, 0x20, 0x2e,
    0xff, 0xff, 0xcf, 0xff, 0xff, 0xff, 0xfe, 0x20,
    0x2, 0xef, 0xff, 0xff, 0xcf, 0xff, 0xff, 0xff,
    0xfe, 0x20, 0x2, 0xef, 0xff, 0xff, 0x1d, 0xff,
    0xff, 0xff, 0xe2, 0x2, 0x20, 0x2e, 0xff, 0xff,
    0x1, 0xdf, 0xff, 0xff, 0xa0, 0x2e, 0xe2, 0xa,
    0xff, 0xff, 0x0, 0x1d, 0xff, 0xff, 0xfa, 0xef,
    0xfe, 0xaf, 0xff, 0xff, 0x0, 0x1, 0xdf, 0xff,
    0xff, 0xff, 0xff, 0xff, 0xff, 0xfe, 0x0, 0x0,
    0x1b, 0xff, 0xff, 0xff, 0xff, 0xff, 0xff, 0xe4,

    /* U+F7C2 "" */
    0x0, 0x7, 0xff, 0xff, 0xff, 0xe4, 0x0, 0x7f,
    0xff, 0xff, 0xff, 0xfe, 0x7, 0xf8, 0xf, 0xb,
    0x40, 0xff, 0x7f, 0xf8, 0xf, 0xb, 0x40, 0xff,
    0xff, 0xf8, 0xf, 0xb, 0x40, 0xff, 0xff, 0xff,
    0xff, 0xff, 0xff, 0xff, 0xff, 0xff, 0xff, 0xff,
    0xff, 0xff, 0xff, 0xff, 0xff, 0xff, 0xff, 0xff,
    0xff, 0xff, 0xff, 0xff, 0xff, 0xff, 0xff, 0xff,
    0xff, 0xff, 0xff, 0xff, 0xff, 0xff, 0xff, 0xff,
    0xff, 0xff, 0xff, 0xff, 0xff, 0xff, 0xff, 0xff,
    0xff, 0xff, 0xff, 0xff, 0xff, 0xff, 0xff, 0xff,
    0xff, 0xff, 0xff, 0xff, 0xef, 0xff, 0xff, 0xff,
    0xff, 0xfe, 0x4e, 0xff, 0xff, 0xff, 0xff, 0xe4,

    /* U+F8A2 "" */
    0x0, 0x0, 0x0, 0x0, 0x0, 0x0, 0x0, 0x1,
    0x0, 0x0, 0x0, 0x0, 0x0, 0x0, 0x0, 0x3,
    0xe0, 0x0, 0x0, 0x10, 0x0, 0x0, 0x0, 0x2,
    0xef, 0x10, 0x0, 0xbf, 0x0, 0x0, 0x0, 0x0,
    0x7f, 0xf1, 0x0, 0xcf, 0xf1, 0x0, 0x0, 0x0,
    0x7, 0xff, 0x11, 0xcf, 0xff, 0x77, 0x77, 0x77,
    0x77, 0xbf, 0xf1, 0xcf, 0xff, 0xff, 0xff, 0xff,
    0xff, 0xff, 0xff, 0x17, 0xff, 0xff, 0xff, 0xff,
    0xff, 0xff, 0xff, 0xe0, 0x7, 0xff, 0xf1, 0x0,
    0x0, 0x0, 0x0, 0x0, 0x0, 0x6, 0xff, 0x10,
    0x0, 0x0, 0x0, 0x0, 0x0, 0x0, 0x5, 0xa0,
    0x0, 0x0, 0x0, 0x0, 0x0, 0x0,

    /* U+FF1A "：" */
    0x6, 0x50, 0x2f, 0xf2, 0xb, 0xa0, 0x0, 0x0,
    0x0, 0x0, 0x1, 0x10, 0x1f, 0xf1, 0x1f, 0xf1,
    0x1, 0x10
};


/*---------------------
 *  GLYPH DESCRIPTION
 *--------------------*/

static const lv_font_fmt_txt_glyph_dsc_t glyph_dsc[] = {
    {.bitmap_index = 0, .adv_w = 0, .box_w = 0, .box_h = 0, .ofs_x = 0, .ofs_y = 0} /* id = 0 reserved */,
    {.bitmap_index = 0, .adv_w = 90, .box_w = 0, .box_h = 0, .ofs_x = 0, .ofs_y = 0},
    {.bitmap_index = 0, .adv_w = 90, .box_w = 3, .box_h = 12, .ofs_x = 1, .ofs_y = 0},
    {.bitmap_index = 18, .adv_w = 122, .box_w = 6, .box_h = 5, .ofs_x = 1, .ofs_y = 8},
    {.bitmap_index = 33, .adv_w = 154, .box_w = 10, .box_h = 12, .ofs_x = 0, .ofs_y = 0},
    {.bitmap_index = 93, .adv_w = 154, .box_w = 9, .box_h = 15, .ofs_x = 0, .ofs_y = -2},
    {.bitmap_index = 161, .adv_w = 205, .box_w = 13, .box_h = 13, .ofs_x = 0, .ofs_y = -1},
    {.bitmap_index = 246, .adv_w = 179, .box_w = 12, .box_h = 12, .ofs_x = 0, .ofs_y = 0},
    {.bitmap_index = 318, .adv_w = 71, .box_w = 3, .box_h = 5, .ofs_x = 1, .ofs_y = 8},
    {.bitmap_index = 326, .adv_w = 90, .box_w = 5, .box_h = 16, .ofs_x = 1, .ofs_y = -3},
    {.bitmap_index = 366, .adv_w = 90, .box_w = 5, .box_h = 16, .ofs_x = 0, .ofs_y = -3},
    {.bitmap_index = 406, .adv_w = 128, .box_w = 6, .box_h = 6, .ofs_x = 1, .ofs_y = 6},
    {.bitmap_index = 424, .adv_w = 154, .box_w = 9, .box_h = 8, .ofs_x = 0, .ofs_y = 0},
    {.bitmap_index = 460, .adv_w = 71, .box_w = 4, .box_h = 6, .ofs_x = 0, .ofs_y = -3},
    {.bitmap_index = 472, .adv_w = 90, .box_w = 6, .box_h = 3, .ofs_x = 0, .ofs_y = 3},
    {.bitmap_index = 481, .adv_w = 71, .box_w = 3, .box_h = 3, .ofs_x = 1, .ofs_y = 0},
    {.bitmap_index = 486, .adv_w = 90, .box_w = 7, .box_h = 13, .ofs_x = -1, .ofs_y = -1},
    {.bitmap_index = 532, .adv_w = 154, .box_w = 8, .box_h = 12, .ofs_x = 1, .ofs_y = 0},
    {.bitmap_index = 580, .adv_w = 154, .box_w = 5, .box_h = 12, .ofs_x = 1, .ofs_y = 0},
    {.bitmap_index = 610, .adv_w = 154, .box_w = 9, .box_h = 12, .ofs_x = 0, .ofs_y = 0},
    {.bitmap_index = 664, .adv_w = 154, .box_w = 9, .box_h = 12, .ofs_x = 0, .ofs_y = 0},
    {.bitmap_index = 718, .adv_w = 154, .box_w = 10, .box_h = 12, .ofs_x = 0, .ofs_y = 0},
    {.bitmap_index = 778, .adv_w = 154, .box_w = 9, .box_h = 12, .ofs_x = 0, .ofs_y = 0},
    {.bitmap_index = 832, .adv_w = 154, .box_w = 9, .box_h = 12, .ofs_x = 0, .ofs_y = 0},
    {.bitmap_index = 886, .adv_w = 154, .box_w = 8, .box_h = 12, .ofs_x = 1, .ofs_y = 0},
    {.bitmap_index = 934, .adv_w = 154, .box_w = 9, .box_h = 12, .ofs_x = 0, .ofs_y = 0},
    {.bitmap_index = 988, .adv_w = 154, .box_w = 9, .box_h = 12, .ofs_x = 0, .ofs_y = 0},
    {.bitmap_index = 1042, .adv_w = 71, .box_w = 3, .box_h = 9, .ofs_x = 1, .ofs_y = 0},
    {.bitmap_index = 1056, .adv_w = 71, .box_w = 4, .box_h = 12, .ofs_x = 0, .ofs_y = -3},
    {.bitmap_index = 1080, .adv_w = 154, .box_w = 8, .box_h = 8, .ofs_x = 1, .ofs_y = 0},
    {.bitmap_index = 1112, .adv_w = 154, .box_w = 9, .box_h = 6, .ofs_x = 0, .ofs_y = 1},
    {.bitmap_index = 1139, .adv_w = 154, .box_w = 8, .box_h = 8, .ofs_x = 1, .ofs_y = 0},
    {.bitmap_index = 1171, .adv_w = 154, .box_w = 8, .box_h = 12, .ofs_x = 1, .ofs_y = 0},
    {.bitmap_index = 1219, .adv_w = 242, .box_w = 15, .box_h = 15, .ofs_x = 0, .ofs_y = -3},
    {.bitmap_index = 1332, .adv_w = 177, .box_w = 13, .box_h = 12, .ofs_x = -1, .ofs_y = 0},
    {.bitmap_index = 1410, .adv_w = 166, .box_w = 10, .box_h = 12, .ofs_x = 0, .ofs_y = 0},
    {.bitmap_index = 1470, .adv_w = 180, .box_w = 11, .box_h = 12, .ofs_x = 0, .ofs_y = 0},
    {.bitmap_index = 1536, .adv_w = 186, .box_w = 11, .box_h = 12, .ofs_x = 0, .ofs_y = 0},
    {.bitmap_index = 1602, .adv_w = 163, .box_w = 9, .box_h = 12, .ofs_x = 1, .ofs_y = 0},
    {.bitmap_index = 1656, .adv_w = 149, .box_w = 9, .box_h = 12, .ofs_x = 1, .ofs_y = 0},
    {.bitmap_index = 1710, .adv_w = 193, .box_w = 12, .box_h = 12, .ofs_x = 0, .ofs_y = 0},
    {.bitmap_index = 1782, .adv_w = 179, .box_w = 10, .box_h = 12, .ofs_x = 0, .ofs_y = 0},
    {.bitmap_index = 1842, .adv_w = 78, .box_w = 3, .box_h = 12, .ofs_x = 1, .ofs_y = 0},
    {.bitmap_index = 1860, .adv_w = 126, .box_w = 7, .box_h = 12, .ofs_x = 0, .ofs_y = 0},
    {.bitmap_index = 1902, .adv_w = 161, .box_w = 10, .box_h = 12, .ofs_x = 1, .ofs_y = 0},
    {.bitmap_index = 1962, .adv_w = 140, .box_w = 8, .box_h = 12, .ofs_x = 1, .ofs_y = 0},
    {.bitmap_index = 2010, .adv_w = 219, .box_w = 14, .box_h = 12, .ofs_x = 0, .ofs_y = 0},
    {.bitmap_index = 2094, .adv_w = 189, .box_w = 10, .box_h = 12, .ofs_x = 1, .ofs_y = 0},
    {.bitmap_index = 2154, .adv_w = 191, .box_w = 12, .box_h = 12, .ofs_x = 0, .ofs_y = 0},
    {.bitmap_index = 2226, .adv_w = 158, .box_w = 10, .box_h = 12, .ofs_x = 0, .ofs_y = 0},
    {.bitmap_index = 2286, .adv_w = 191, .box_w = 12, .box_h = 13, .ofs_x = 0, .ofs_y = -1},
    {.bitmap_index = 2364, .adv_w = 163, .box_w = 11, .box_h = 12, .ofs_x = 0, .ofs_y = 0},
    {.bitmap_index = 2430, .adv_w = 158, .box_w = 10, .box_h = 12, .ofs_x = 0, .ofs_y = 0},
    {.bitmap_index = 2490, .adv_w = 148, .box_w = 11, .box_h = 12, .ofs_x = -1, .ofs_y = 0},
    {.bitmap_index = 2556, .adv_w = 182, .box_w = 9, .box_h = 12, .ofs_x = 1, .ofs_y = 0},
    {.bitmap_index = 2610, .adv_w = 159, .box_w = 10, .box_h = 12, .ofs_x = 0, .ofs_y = 0},
    {.bitmap_index = 2670, .adv_w = 225, .box_w = 16, .box_h = 12, .ofs_x = -1, .ofs_y = 0},
    {.bitmap_index = 2766, .adv_w = 154, .box_w = 11, .box_h = 12, .ofs_x = -1, .ofs_y = 0},
    {.bitmap_index = 2832, .adv_w = 154, .box_w = 10, .box_h = 12, .ofs_x = 0, .ofs_y = 0},
    {.bitmap_index = 2892, .adv_w = 154, .box_w = 10, .box_h = 12, .ofs_x = 0, .ofs_y = 0},
    {.bitmap_index = 2952, .adv_w = 90, .box_w = 4, .box_h = 15, .ofs_x = 2, .ofs_y = -3},
    {.bitmap_index = 2982, .adv_w = 90, .box_w = 7, .box_h = 13, .ofs_x = -1, .ofs_y = -1},
    {.bitmap_index = 3028, .adv_w = 90, .box_w = 4, .box_h = 15, .ofs_x = 0, .ofs_y = -3},
    {.bitmap_index = 3058, .adv_w = 154, .box_w = 8, .box_h = 8, .ofs_x = 1, .ofs_y = 4},
    {.bitmap_index = 3090, .adv_w = 128, .box_w = 10, .box_h = 3, .ofs_x = -1, .ofs_y = -4},
    {.bitmap_index = 3105, .adv_w = 90, .box_w = 4, .box_h = 3, .ofs_x = 1, .ofs_y = 9},
    {.bitmap_index = 3111, .adv_w = 147, .box_w = 9, .box_h = 8, .ofs_x = 0, .ofs_y = 0},
    {.bitmap_index = 3147, .adv_w = 147, .box_w = 8, .box_h = 12, .ofs_x = 1, .ofs_y = 0},
    {.bitmap_index = 3195, .adv_w = 136, .box_w = 8, .box_h = 8, .ofs_x = 0, .ofs_y = 0},
    {.bitmap_index = 3227, .adv_w = 147, .box_w = 9, .box_h = 12, .ofs_x = 0, .ofs_y = 0},
    {.bitmap_index = 3281, .adv_w = 139, .box_w = 8, .box_h = 8, .ofs_x = 0, .ofs_y = 0},
    {.bitmap_index = 3313, .adv_w = 95, .box_w = 6, .box_h = 12, .ofs_x = 0, .ofs_y = 0},
    {.bitmap_index = 3349, .adv_w = 148, .box_w = 9, .box_h = 11, .ofs_x = 0, .ofs_y = -3},
    {.bitmap_index = 3399, .adv_w = 151, .box_w = 8, .box_h = 12, .ofs_x = 1, .ofs_y = 0},
    {.bitmap_index = 3447, .adv_w = 67, .box_w = 3, .box_h = 12, .ofs_x = 1, .ofs_y = 0},
    {.bitmap_index = 3465, .adv_w = 77, .box_w = 5, .box_h = 15, .ofs_x = -1, .ofs_y = -3},
    {.bitmap_index = 3503, .adv_w = 131, .box_w = 8, .box_h = 12, .ofs_x = 1, .ofs_y = 0},
    {.bitmap_index = 3551, .adv_w = 67, .box_w = 4, .box_h = 12, .ofs_x = 1, .ofs_y = 0},
    {.bitmap_index = 3575, .adv_w = 209, .box_w = 11, .box_h = 8, .ofs_x = 1, .ofs_y = 0},
    {.bitmap_index = 3619, .adv_w = 151, .box_w = 8, .box_h = 8, .ofs_x = 1, .ofs_y = 0},
    {.bitmap_index = 3651, .adv_w = 144, .box_w = 9, .box_h = 8, .ofs_x = 0, .ofs_y = 0},
    {.bitmap_index = 3687, .adv_w = 146, .box_w = 8, .box_h = 11, .ofs_x = 1, .ofs_y = -3},
    {.bitmap_index = 3731, .adv_w = 147, .box_w = 8, .box_h = 11, .ofs_x = 0, .ofs_y = -3},
    {.bitmap_index = 3775, .adv_w = 110, .box_w = 6, .box_h = 8, .ofs_x = 1, .ofs_y = 0},
    {.bitmap_index = 3799, .adv_w = 131, .box_w = 8, .box_h = 8, .ofs_x = 0, .ofs_y = 0},
    {.bitmap_index = 3831, .adv_w = 92, .box_w = 6, .box_h = 11, .ofs_x = 0, .ofs_y = 0},
    {.bitmap_index = 3864, .adv_w = 151, .box_w = 8, .box_h = 8, .ofs_x = 1, .ofs_y = 0},
    {.bitmap_index = 3896, .adv_w = 125, .box_w = 8, .box_h = 8, .ofs_x = 0, .ofs_y = 0},
    {.bitmap_index = 3928, .adv_w = 187, .box_w = 12, .box_h = 8, .ofs_x = 0, .ofs_y = 0},
    {.bitmap_index = 3976, .adv_w = 128, .box_w = 8, .box_h = 8, .ofs_x = 0, .ofs_y = 0},
    {.bitmap_index = 4008, .adv_w = 128, .box_w = 9, .box_h = 11, .ofs_x = -1, .ofs_y = -3},
    {.bitmap_index = 4058, .adv_w = 125, .box_w = 8, .box_h = 8, .ofs_x = 0, .ofs_y = 0},
    {.bitmap_index = 4090, .adv_w = 90, .box_w = 5, .box_h = 16, .ofs_x = 1, .ofs_y = -3},
    {.bitmap_index = 4130, .adv_w = 90, .box_w = 2, .box_h = 12, .ofs_x = 2, .ofs_y = 0},
    {.bitmap_index = 4142, .adv_w = 90, .box_w = 5, .box_h = 16, .ofs_x = 0, .ofs_y = -3},
    {.bitmap_index = 4182, .adv_w = 154, .box_w = 9, .box_h = 4, .ofs_x = 0, .ofs_y = 2},
    {.bitmap_index = 4200, .adv_w = 256, .box_w = 16, .box_h = 15, .ofs_x = 0, .ofs_y = -2},
    {.bitmap_index = 4320, .adv_w = 256, .box_w = 16, .box_h = 16, .ofs_x = 0, .ofs_y = -2},
    {.bitmap_index = 4448, .adv_w = 256, .box_w = 15, .box_h = 17, .ofs_x = 0, .ofs_y = -3},
    {.bitmap_index = 4576, .adv_w = 256, .box_w = 16, .box_h = 14, .ofs_x = 0, .ofs_y = -1},
    {.bitmap_index = 4688, .adv_w = 256, .box_w = 16, .box_h = 17, .ofs_x = 0, .ofs_y = -3},
    {.bitmap_index = 4824, .adv_w = 256, .box_w = 15, .box_h = 14, .ofs_x = 1, .ofs_y = -1},
    {.bitmap_index = 4929, .adv_w = 256, .box_w = 12, .box_h = 15, .ofs_x = 2, .ofs_y = -2},
    {.bitmap_index = 5019, .adv_w = 256, .box_w = 16, .box_h = 13, .ofs_x = 0, .ofs_y = -1},
    {.bitmap_index = 5123, .adv_w = 256, .box_w = 16, .box_h = 16, .ofs_x = 0, .ofs_y = -2},
    {.bitmap_index = 5251, .adv_w = 256, .box_w = 15, .box_h = 15, .ofs_x = 0, .ofs_y = -2},
    {.bitmap_index = 5364, .adv_w = 256, .box_w = 16, .box_h = 16, .ofs_x = 0, .ofs_y = -2},
    {.bitmap_index = 5492, .adv_w = 256, .box_w = 16, .box_h = 15, .ofs_x = 0, .ofs_y = -2},
    {.bitmap_index = 5612, .adv_w = 256, .box_w = 16, .box_h = 15, .ofs_x = 0, .ofs_y = -2},
    {.bitmap_index = 5732, .adv_w = 256, .box_w = 16, .box_h = 15, .ofs_x = 0, .ofs_y = -2},
    {.bitmap_index = 5852, .adv_w = 256, .box_w = 16, .box_h = 16, .ofs_x = 0, .ofs_y = -2},
    {.bitmap_index = 5980, .adv_w = 256, .box_w = 16, .box_h = 16, .ofs_x = 0, .ofs_y = -2},
    {.bitmap_index = 6108, .adv_w = 256, .box_w = 16, .box_h = 16, .ofs_x = 0, .ofs_y = -2},
    {.bitmap_index = 6236, .adv_w = 256, .box_w = 16, .box_h = 16, .ofs_x = 0, .ofs_y = -2},
    {.bitmap_index = 6364, .adv_w = 256, .box_w = 17, .box_h = 15, .ofs_x = 0, .ofs_y = -2},
    {.bitmap_index = 6492, .adv_w = 256, .box_w = 16, .box_h = 15, .ofs_x = 0, .ofs_y = -2},
    {.bitmap_index = 6612, .adv_w = 256, .box_w = 16, .box_h = 16, .ofs_x = 0, .ofs_y = -2},
    {.bitmap_index = 6740, .adv_w = 256, .box_w = 16, .box_h = 17, .ofs_x = 0, .ofs_y = -3},
    {.bitmap_index = 6876, .adv_w = 256, .box_w = 16, .box_h = 17, .ofs_x = 0, .ofs_y = -3},
    {.bitmap_index = 7012, .adv_w = 256, .box_w = 16, .box_h = 15, .ofs_x = 0, .ofs_y = -2},
    {.bitmap_index = 7132, .adv_w = 256, .box_w = 16, .box_h = 14, .ofs_x = 0, .ofs_y = -1},
    {.bitmap_index = 7244, .adv_w = 256, .box_w = 16, .box_h = 17, .ofs_x = 0, .ofs_y = -2},
    {.bitmap_index = 7380, .adv_w = 256, .box_w = 16, .box_h = 12, .ofs_x = 0, .ofs_y = 0},
    {.bitmap_index = 7476, .adv_w = 256, .box_w = 16, .box_h = 14, .ofs_x = 0, .ofs_y = -1},
    {.bitmap_index = 7588, .adv_w = 256, .box_w = 16, .box_h = 12, .ofs_x = 0, .ofs_y = 0},
    {.bitmap_index = 7684, .adv_w = 176, .box_w = 11, .box_h = 12, .ofs_x = 0, .ofs_y = 0},
    {.bitmap_index = 7750, .adv_w = 256, .box_w = 16, .box_h = 16, .ofs_x = 0, .ofs_y = -2},
    {.bitmap_index = 7878, .adv_w = 256, .box_w = 16, .box_h = 16, .ofs_x = 0, .ofs_y = -2},
    {.bitmap_index = 8006, .adv_w = 288, .box_w = 18, .box_h = 14, .ofs_x = 0, .ofs_y = -1},
    {.bitmap_index = 8132, .adv_w = 256, .box_w = 16, .box_h = 16, .ofs_x = 0, .ofs_y = -2},
    {.bitmap_index = 8260, .adv_w = 288, .box_w = 18, .box_h = 12, .ofs_x = 0, .ofs_y = 0},
    {.bitmap_index = 8368, .adv_w = 256, .box_w = 16, .box_h = 16, .ofs_x = 0, .ofs_y = -2},
    {.bitmap_index = 8496, .adv_w = 128, .box_w = 8, .box_h = 14, .ofs_x = 0, .ofs_y = -1},
    {.bitmap_index = 8552, .adv_w = 192, .box_w = 12, .box_h = 14, .ofs_x = 0, .ofs_y = -1},
    {.bitmap_index = 8636, .adv_w = 288, .box_w = 18, .box_h = 16, .ofs_x = 0, .ofs_y = -2},
    {.bitmap_index = 8780, .adv_w = 256, .box_w = 16, .box_h = 12, .ofs_x = 0, .ofs_y = 0},
    {.bitmap_index = 8876, .adv_w = 176, .box_w = 11, .box_h = 16, .ofs_x = 0, .ofs_y = -2},
    {.bitmap_index = 8964, .adv_w = 224, .box_w = 10, .box_h = 16, .ofs_x = 2, .ofs_y = -2},
    {.bitmap_index = 9044, .adv_w = 224, .box_w = 14, .box_h = 18, .ofs_x = 0, .ofs_y = -3},
    {.bitmap_index = 9170, .adv_w = 224, .box_w = 14, .box_h = 15, .ofs_x = 0, .ofs_y = -1},
    {.bitmap_index = 9275, .adv_w = 224, .box_w = 14, .box_h = 14, .ofs_x = 0, .ofs_y = -1},
    {.bitmap_index = 9373, .adv_w = 224, .box_w = 10, .box_h = 16, .ofs_x = 2, .ofs_y = -2},
    {.bitmap_index = 9453, .adv_w = 224, .box_w = 16, .box_h = 14, .ofs_x = -1, .ofs_y = -1},
    {.bitmap_index = 9565, .adv_w = 160, .box_w = 10, .box_h = 14, .ofs_x = 0, .ofs_y = -1},
    {.bitmap_index = 9635, .adv_w = 160, .box_w = 10, .box_h = 14, .ofs_x = 0, .ofs_y = -1},
    {.bitmap_index = 9705, .adv_w = 224, .box_w = 14, .box_h = 14, .ofs_x = 0, .ofs_y = -1},
    {.bitmap_index = 9803, .adv_w = 224, .box_w = 14, .box_h = 4, .ofs_x = 0, .ofs_y = 4},
    {.bitmap_index = 9831, .adv_w = 288, .box_w = 18, .box_h = 12, .ofs_x = 0, .ofs_y = 0},
    {.bitmap_index = 9939, .adv_w = 320, .box_w = 20, .box_h = 16, .ofs_x = 0, .ofs_y = -2},
    {.bitmap_index = 10099, .adv_w = 288, .box_w = 20, .box_h = 16, .ofs_x = -1, .ofs_y = -2},
    {.bitmap_index = 10259, .adv_w = 256, .box_w = 16, .box_h = 16, .ofs_x = 0, .ofs_y = -2},
    {.bitmap_index = 10387, .adv_w = 224, .box_w = 14, .box_h = 10, .ofs_x = 0, .ofs_y = 1},
    {.bitmap_index = 10457, .adv_w = 224, .box_w = 14, .box_h = 10, .ofs_x = 0, .ofs_y = 1},
    {.bitmap_index = 10527, .adv_w = 320, .box_w = 20, .box_h = 14, .ofs_x = 0, .ofs_y = -1},
    {.bitmap_index = 10667, .adv_w = 256, .box_w = 16, .box_h = 12, .ofs_x = 0, .ofs_y = 0},
    {.bitmap_index = 10763, .adv_w = 256, .box_w = 16, .box_h = 16, .ofs_x = 0, .ofs_y = -2},
    {.bitmap_index = 10891, .adv_w = 256, .box_w = 17, .box_h = 17, .ofs_x = -1, .ofs_y = -2},
    {.bitmap_index = 11036, .adv_w = 224, .box_w = 15, .box_h = 14, .ofs_x = 0, .ofs_y = -1},
    {.bitmap_index = 11141, .adv_w = 224, .box_w = 14, .box_h = 16, .ofs_x = 0, .ofs_y = -2},
    {.bitmap_index = 11253, .adv_w = 224, .box_w = 14, .box_h = 14, .ofs_x = 0, .ofs_y = -1},
    {.bitmap_index = 11351, .adv_w = 224, .box_w = 14, .box_h = 14, .ofs_x = 0, .ofs_y = -1},
    {.bitmap_index = 11449, .adv_w = 256, .box_w = 16, .box_h = 12, .ofs_x = 0, .ofs_y = 0},
    {.bitmap_index = 11545, .adv_w = 160, .box_w = 12, .box_h = 16, .ofs_x = -1, .ofs_y = -2},
    {.bitmap_index = 11641, .adv_w = 224, .box_w = 14, .box_h = 16, .ofs_x = 0, .ofs_y = -2},
    {.bitmap_index = 11753, .adv_w = 224, .box_w = 14, .box_h = 16, .ofs_x = 0, .ofs_y = -2},
    {.bitmap_index = 11865, .adv_w = 288, .box_w = 18, .box_h = 12, .ofs_x = 0, .ofs_y = 0},
    {.bitmap_index = 11973, .adv_w = 256, .box_w = 18, .box_h = 18, .ofs_x = -1, .ofs_y = -3},
    {.bitmap_index = 12135, .adv_w = 192, .box_w = 12, .box_h = 16, .ofs_x = 0, .ofs_y = -2},
    {.bitmap_index = 12231, .adv_w = 320, .box_w = 20, .box_h = 15, .ofs_x = 0, .ofs_y = -1},
    {.bitmap_index = 12381, .adv_w = 320, .box_w = 20, .box_h = 10, .ofs_x = 0, .ofs_y = 1},
    {.bitmap_index = 12481, .adv_w = 320, .box_w = 20, .box_h = 10, .ofs_x = 0, .ofs_y = 1},
    {.bitmap_index = 12581, .adv_w = 320, .box_w = 20, .box_h = 10, .ofs_x = 0, .ofs_y = 1},
    {.bitmap_index = 12681, .adv_w = 320, .box_w = 20, .box_h = 10, .ofs_x = 0, .ofs_y = 1},
    {.bitmap_index = 12781, .adv_w = 320, .box_w = 20, .box_h = 10, .ofs_x = 0, .ofs_y = 1},
    {.bitmap_index = 12881, .adv_w = 320, .box_w = 21, .box_h = 14, .ofs_x = 0, .ofs_y = -1},
    {.bitmap_index = 13028, .adv_w = 224, .box_w = 12, .box_h = 16, .ofs_x = 1, .ofs_y = -2},
    {.bitmap_index = 13124, .adv_w = 224, .box_w = 14, .box_h = 16, .ofs_x = 0, .ofs_y = -2},
    {.bitmap_index = 13236, .adv_w = 256, .box_w = 17, .box_h = 17, .ofs_x = -1, .ofs_y = -3},
    {.bitmap_index = 13381, .adv_w = 320, .box_w = 20, .box_h = 12, .ofs_x = 0, .ofs_y = 0},
    {.bitmap_index = 13501, .adv_w = 192, .box_w = 12, .box_h = 16, .ofs_x = 0, .ofs_y = -2},
    {.bitmap_index = 13597, .adv_w = 258, .box_w = 17, .box_h = 11, .ofs_x = 0, .ofs_y = 1},
    {.bitmap_index = 13691, .adv_w = 256, .box_w = 4, .box_h = 9, .ofs_x = 2, .ofs_y = 0}
};

/*---------------------
 *  CHARACTER MAPPING
 *--------------------*/

static const uint16_t unicode_list_1[] = {
    0x0, 0x87, 0xed, 0x1c5, 0xce0, 0xd5a, 0xd8d, 0xdfd,
    0x110e, 0x1141, 0x1370, 0x13aa, 0x1469, 0x165b, 0x199f, 0x1a4e,
    0x1a61, 0x1bb1, 0x1c63, 0x1cb9, 0x21c1, 0x23ec, 0x2d63, 0x304c,
    0x367a, 0x9e3b, 0x9e42, 0x9e45, 0x9e46, 0x9e47, 0x9e4b, 0x9e4d,
    0x9e4f, 0x9e53, 0x9e56, 0x9e5b, 0x9e60, 0x9e61, 0x9e62, 0x9e78,
    0x9e7d, 0x9e82, 0x9e85, 0x9e86, 0x9e87, 0x9e8b, 0x9e8c, 0x9e8d,
    0x9e8e, 0x9ea1, 0x9ea2, 0x9ea8, 0x9eaa, 0x9eab, 0x9eae, 0x9eb1,
    0x9eb2, 0x9eb3, 0x9eb5, 0x9ecd, 0x9ecf, 0x9efe, 0x9eff, 0x9f01,
    0x9f03, 0x9f1a, 0x9f21, 0x9f24, 0x9f2d, 0x9f56, 0x9f5e, 0x9f95,
    0xa025, 0xa07a, 0xa07b, 0xa07c, 0xa07d, 0xa07e, 0xa0c1, 0xa0cd,
    0xa127, 0xa13e, 0xa394, 0xa5fc, 0xa6dc, 0xad54
};

/*Collect the unicode lists and glyph_id offsets*/
static const lv_font_fmt_txt_cmap_t cmaps[] =
{
    {
        .range_start = 32, .range_length = 95, .glyph_id_start = 1,
        .unicode_list = NULL, .glyph_id_ofs_list = NULL, .list_length = 0, .type = LV_FONT_FMT_TXT_CMAP_FORMAT0_TINY
    },
    {
        .range_start = 20934, .range_length = 44373, .glyph_id_start = 96,
        .unicode_list = unicode_list_1, .glyph_id_ofs_list = NULL, .list_length = 86, .type = LV_FONT_FMT_TXT_CMAP_SPARSE_TINY
    }
};



/*--------------------
 *  ALL CUSTOM DATA
 *--------------------*/

#if LVGL_VERSION_MAJOR == 8
/*Store all the custom data of the font*/
static  lv_font_fmt_txt_glyph_cache_t cache;
#endif

#if LVGL_VERSION_MAJOR >= 8
static const lv_font_fmt_txt_dsc_t font_dsc = {
#else
static lv_font_fmt_txt_dsc_t font_dsc = {
#endif
    .glyph_bitmap = glyph_bitmap,
    .glyph_dsc = glyph_dsc,
    .cmaps = cmaps,
    .kern_dsc = NULL,
    .kern_scale = 0,
    .cmap_num = 2,
    .bpp = 4,
    .kern_classes = 0,
    .bitmap_format = 0,
#if LVGL_VERSION_MAJOR == 8
    .cache = &cache
#endif
};



/*-----------------
 *  PUBLIC FONT
 *----------------*/

/*Initialize a public general font descriptor*/
#if LVGL_VERSION_MAJOR >= 8
const lv_font_t lv_font_333_16 = {
#else
lv_font_t lv_font_333_16 = {
#endif
    .get_glyph_dsc = lv_font_get_glyph_dsc_fmt_txt,    /*Function pointer to get glyph's data*/
    .get_glyph_bitmap = lv_font_get_bitmap_fmt_txt,    /*Function pointer to get glyph's bitmap*/
    .line_height = 16,          /*The maximum line height required by the font*/
    .base_line = 2,             /*Baseline measured from the bottom of the line*/
#if !(LVGL_VERSION_MAJOR == 6 && LVGL_VERSION_MINOR == 0)
    .subpx = LV_FONT_SUBPX_NONE,
#endif
#if LV_VERSION_CHECK(7, 4, 0) || LVGL_VERSION_MAJOR >= 8
    .underline_position = -4,
    .underline_thickness = 1,
#endif
    .dsc = &font_dsc,          /*The custom font data. Will be accessed by `get_glyph_bitmap/dsc` */
#if LV_VERSION_CHECK(8, 2, 0) || LVGL_VERSION_MAJOR >= 9
    .fallback = NULL,
#endif
    .user_data = NULL,
};



#endif /*#if LV_FONT_333_16*/

